/*******************************************************************************
 * Size: 28 px
 * Bpp: 4
 * Opts: --bpp 4 --size 28 --no-compress --stride 1 --align 1 --font Mochi Boom DEMO.ttf --symbols ABCDEFGHIJKLMNOPQRSTUVWXYZabcdefghijklmnopqrstuvwxyz0123456789 -_:.!?,() --range 32-127 --format lvgl -o mochi_boom_28.c
 ******************************************************************************/

#ifdef __has_include
    #if __has_include("lvgl.h")
        #ifndef LV_LVGL_H_INCLUDE_SIMPLE
            #define LV_LVGL_H_INCLUDE_SIMPLE
        #endif
    #endif
#endif

#ifdef LV_LVGL_H_INCLUDE_SIMPLE
    #include "lvgl.h"
#else
    #include "lvgl/lvgl.h"
#endif



#ifndef MOCHI_BOOM_28
#define MOCHI_BOOM_28 1
#endif

#if MOCHI_BOOM_28

/*-----------------
 *    BITMAPS
 *----------------*/

/*Store the image of the glyphs*/
static LV_ATTRIBUTE_LARGE_CONST const uint8_t glyph_bitmap[] = {
    /* U+0020 " " */

    /* U+0021 "!" */
    0x1, 0x9d, 0xfd, 0x60, 0x0, 0xbf, 0xff, 0xff,
    0x70, 0x2f, 0xff, 0xff, 0xfd, 0x4, 0xff, 0xff,
    0xff, 0xf0, 0x3f, 0xff, 0xff, 0xfe, 0x1, 0xff,
    0xff, 0xff, 0xd0, 0xe, 0xff, 0xff, 0xf9, 0x0,
    0xbf, 0xff, 0xff, 0x60, 0x6, 0xff, 0xff, 0xf1,
    0x0, 0x2f, 0xff, 0xfd, 0x0, 0x0, 0xef, 0xff,
    0x90, 0x0, 0x7, 0xff, 0xf3, 0x0, 0x0, 0x6,
    0xa3, 0x0, 0x0, 0xb, 0xff, 0xf7, 0x0, 0x7,
    0xff, 0xff, 0xf2, 0x0, 0xbf, 0xff, 0xff, 0x60,
    0xa, 0xff, 0xff, 0xf5, 0x0, 0x5f, 0xff, 0xfe,
    0x10, 0x0, 0x6d, 0xfc, 0x30, 0x0,

    /* U+0022 "\"" */
    0x2, 0xbf, 0xd6, 0x0, 0x5, 0xdf, 0xc3, 0x0,
    0xdf, 0xff, 0xf5, 0x3, 0xff, 0xff, 0xe1, 0x3f,
    0xff, 0xff, 0xa0, 0x8f, 0xff, 0xff, 0x52, 0xff,
    0xff, 0xfa, 0x8, 0xff, 0xff, 0xf5, 0xe, 0xff,
    0xff, 0x60, 0x4f, 0xff, 0xff, 0x10, 0x8f, 0xff,
    0xe0, 0x0, 0xdf, 0xff, 0xa0, 0x1, 0xff, 0xf7,
    0x0, 0x6, 0xff, 0xf2, 0x0, 0xc, 0xff, 0x30,
    0x0, 0x1f, 0xfe, 0x0, 0x0, 0x8f, 0xe0, 0x0,
    0x0, 0xdf, 0xa0, 0x0, 0x0, 0x52, 0x0, 0x0,
    0x1, 0x50, 0x0,

    /* U+0023 "#" */
    0x0, 0x0, 0x0, 0x1, 0xbf, 0xb0, 0x0, 0x9,
    0xfe, 0x20, 0x0, 0x0, 0x0, 0xc, 0xff, 0xe0,
    0x0, 0x7f, 0xff, 0x20, 0x0, 0x0, 0x0, 0x3f,
    0xff, 0x90, 0x0, 0xef, 0xfd, 0x0, 0x0, 0x0,
    0x0, 0xaf, 0xff, 0x30, 0x5, 0xff, 0xf7, 0x0,
    0x0, 0x0, 0x1, 0xff, 0xfe, 0x0, 0xc, 0xff,
    0xf1, 0x0, 0x0, 0xcf, 0xff, 0xff, 0xff, 0xff,
    0xff, 0xff, 0xff, 0xb0, 0x4, 0xff, 0xff, 0xff,
    0xff, 0xff, 0xff, 0xff, 0xff, 0xf4, 0x4, 0xff,
    0xff, 0xff, 0xff, 0xff, 0xff, 0xff, 0xff, 0xf3,
    0x0, 0xaf, 0xff, 0xff, 0xff, 0xff, 0xff, 0xff,
    0xff, 0xa0, 0x0, 0x0, 0xbf, 0xff, 0x50, 0x7,
    0xff, 0xf9, 0x0, 0x0, 0x1c, 0xee, 0xff, 0xff,
    0xee, 0xef, 0xff, 0xff, 0xe9, 0x0, 0x6f, 0xff,
    0xff, 0xff, 0xff, 0xff, 0xff, 0xff, 0xff, 0x20,
    0x3f, 0xff, 0xff, 0xff, 0xff, 0xff, 0xff, 0xff,
    0xfd, 0x0, 0x0, 0x5f, 0xff, 0xb2, 0x22, 0xff,
    0xff, 0x22, 0x20, 0x0, 0x0, 0x8f, 0xff, 0x50,
    0x4, 0xff, 0xfa, 0x0, 0x0, 0x0, 0x0, 0xcf,
    0xff, 0x0, 0x9, 0xff, 0xf4, 0x0, 0x0, 0x0,
    0x1, 0xff, 0xf9, 0x0, 0xd, 0xff, 0xe0, 0x0,
    0x0, 0x0, 0x5, 0xff, 0xf3, 0x0, 0x1f, 0xff,
    0x70, 0x0, 0x0, 0x0, 0x3, 0xee, 0x60, 0x0,
    0xd, 0xf9, 0x0, 0x0, 0x0, 0x0,

    /* U+0024 "$" */
    0x0, 0x0, 0x0, 0x1d, 0xe3, 0x0, 0x0, 0x0,
    0x0, 0x0, 0x0, 0x8f, 0xfb, 0x0, 0x0, 0x0,
    0x0, 0x0, 0x0, 0xaf, 0xfd, 0x0, 0x0, 0x0,
    0x0, 0x1, 0x7a, 0xef, 0xff, 0xb8, 0x40, 0x0,
    0x0, 0x8f, 0xff, 0xff, 0xff, 0xff, 0xfd, 0x30,
    0x8, 0xff, 0xff, 0xff, 0xff, 0xff, 0xff, 0xe1,
    0xf, 0xff, 0xff, 0xff, 0xff, 0xff, 0xff, 0xf6,
    0x4f, 0xff, 0xff, 0xff, 0xff, 0xff, 0xff, 0xf7,
    0x5f, 0xff, 0xff, 0xff, 0xff, 0xff, 0xff, 0xf5,
    0x3f, 0xff, 0xff, 0xff, 0xff, 0xff, 0xff, 0xe0,
    0xe, 0xff, 0xff, 0xff, 0x31, 0x7d, 0xfe, 0x40,
    0x3, 0xff, 0xff, 0xff, 0x80, 0x0, 0x0, 0x0,
    0x0, 0x2b, 0xff, 0xff, 0xfe, 0x71, 0x0, 0x0,
    0x0, 0x0, 0x28, 0xef, 0xff, 0xff, 0x91, 0x0,
    0x0, 0x0, 0x0, 0x6, 0xff, 0xff, 0xff, 0x40,
    0x2, 0xdf, 0xe8, 0x10, 0xff, 0xff, 0xff, 0xe1,
    0xc, 0xff, 0xff, 0xff, 0xff, 0xff, 0xff, 0xf6,
    0x2f, 0xff, 0xff, 0xff, 0xff, 0xff, 0xff, 0xf8,
    0x4f, 0xff, 0xff, 0xff, 0xff, 0xff, 0xff, 0xf7,
    0x3f, 0xff, 0xff, 0xff, 0xff, 0xff, 0xff, 0xf3,
    0xd, 0xff, 0xff, 0xff, 0xff, 0xff, 0xff, 0xa0,
    0x2, 0xcf, 0xff, 0xff, 0xff, 0xff, 0xfa, 0x0,
    0x0, 0x4, 0x8b, 0xff, 0xff, 0xb7, 0x20, 0x0,
    0x0, 0x0, 0x0, 0xaf, 0xfd, 0x0, 0x0, 0x0,
    0x0, 0x0, 0x0, 0x8f, 0xfb, 0x0, 0x0, 0x0,
    0x0, 0x0, 0x0, 0x2d, 0xe4, 0x0, 0x0, 0x0,

    /* U+0025 "%" */
    0x0, 0x8, 0xdf, 0xe9, 0x10, 0x0, 0x0, 0x1b,
    0xfc, 0x0, 0x0, 0x0, 0x0, 0x0, 0xcf, 0xff,
    0xff, 0xe2, 0x0, 0x0, 0xbf, 0xfe, 0x0, 0x0,
    0x0, 0x0, 0x9, 0xff, 0xff, 0xff, 0xfd, 0x0,
    0x2, 0xff, 0xf9, 0x0, 0x0, 0x0, 0x0, 0xf,
    0xff, 0xe3, 0xbf, 0xff, 0x30, 0x9, 0xff, 0xf3,
    0x0, 0x0, 0x0, 0x0, 0x2f, 0xff, 0xa0, 0x6f,
    0xff, 0x70, 0x1f, 0xff, 0xd0, 0x0, 0x0, 0x0,
    0x0, 0x3f, 0xff, 0xc0, 0x7f, 0xff, 0x80, 0x7f,
    0xff, 0x60, 0x0, 0x0, 0x0, 0x0, 0x2f, 0xff,
    0xfc, 0xff, 0xff, 0x70, 0xdf, 0xff, 0x10, 0x0,
    0x0, 0x0, 0x0, 0xf, 0xff, 0xff, 0xff, 0xff,
    0x34, 0xff, 0xfa, 0x0, 0x0, 0x0, 0x0, 0x0,
    0x8, 0xff, 0xff, 0xff, 0xfc, 0xa, 0xff, 0xf4,
    0x3, 0xbe, 0xfc, 0x60, 0x0, 0x0, 0xcf, 0xff,
    0xff, 0xe2, 0x1f, 0xff, 0xd0, 0x5f, 0xff, 0xff,
    0xfa, 0x0, 0x0, 0x7, 0xdf, 0xe9, 0x10, 0x7f,
    0xff, 0x71, 0xff, 0xff, 0xff, 0xff, 0x60, 0x0,
    0x0, 0x0, 0x0, 0x0, 0xdf, 0xff, 0x16, 0xff,
    0xf7, 0x2f, 0xff, 0xc0, 0x0, 0x0, 0x0, 0x0,
    0x3, 0xff, 0xfa, 0xa, 0xff, 0xf3, 0xd, 0xff,
    0xf0, 0x0, 0x0, 0x0, 0x0, 0x9, 0xff, 0xf4,
    0xb, 0xff, 0xf5, 0xe, 0xff, 0xf1, 0x0, 0x0,
    0x0, 0x0, 0xf, 0xff, 0xd0, 0xa, 0xff, 0xfe,
    0xcf, 0xff, 0xf0, 0x0, 0x0, 0x0, 0x0, 0x5f,
    0xff, 0x60, 0x6, 0xff, 0xff, 0xff, 0xff, 0xc0,
    0x0, 0x0, 0x0, 0x0, 0xcf, 0xff, 0x0, 0x1,
    0xff, 0xff, 0xff, 0xff, 0x60, 0x0, 0x0, 0x0,
    0x1, 0xff, 0xf8, 0x0, 0x0, 0x5f, 0xff, 0xff,
    0xfa, 0x0, 0x0, 0x0, 0x0, 0x1, 0xdf, 0x90,
    0x0, 0x0, 0x3, 0xbe, 0xfd, 0x60, 0x0,

    /* U+0026 "&" */
    0x0, 0x0, 0x2, 0x8c, 0xef, 0xff, 0xdb, 0x61,
    0x0, 0x0, 0x0, 0x0, 0x9, 0xff, 0xff, 0xff,
    0xff, 0xff, 0xe4, 0x0, 0x0, 0x0, 0x8, 0xff,
    0xff, 0xff, 0xff, 0xff, 0xff, 0xe0, 0x0, 0x0,
    0x0, 0xff, 0xff, 0xff, 0xff, 0xff, 0xff, 0xff,
    0x30, 0x0, 0x0, 0x2f, 0xff, 0xff, 0xff, 0xff,
    0xff, 0xff, 0xf2, 0x0, 0x0, 0x2, 0xff, 0xff,
    0xff, 0xd2, 0x6f, 0xff, 0xfa, 0x0, 0x0, 0x0,
    0xe, 0xff, 0xff, 0xfe, 0x10, 0x17, 0x96, 0x0,
    0x0, 0x0, 0x0, 0x7f, 0xff, 0xff, 0xfd, 0x20,
    0x1, 0x0, 0x0, 0x0, 0x0, 0x2, 0xff, 0xff,
    0xff, 0xff, 0x8e, 0xff, 0x70, 0x0, 0x0, 0x6,
    0xff, 0xff, 0xff, 0xff, 0xff, 0xff, 0xff, 0x20,
    0x0, 0x4, 0xff, 0xff, 0xff, 0xff, 0xff, 0xff,
    0xff, 0xf2, 0x0, 0x0, 0xdf, 0xff, 0xf5, 0xff,
    0xff, 0xff, 0xff, 0xff, 0x0, 0x0, 0x2f, 0xff,
    0xfe, 0x3, 0xef, 0xff, 0xff, 0xff, 0xfd, 0x20,
    0x4, 0xff, 0xff, 0xf5, 0x15, 0xff, 0xff, 0xff,
    0xff, 0xff, 0x30, 0x3f, 0xff, 0xff, 0xff, 0xff,
    0xff, 0xff, 0xff, 0xff, 0xfc, 0x0, 0xff, 0xff,
    0xff, 0xff, 0xff, 0xff, 0xff, 0xff, 0xff, 0xf0,
    0x7, 0xff, 0xff, 0xff, 0xff, 0xff, 0xcf, 0xff,
    0xff, 0xfd, 0x0, 0x9, 0xff, 0xff, 0xff, 0xff,
    0x70, 0x3e, 0xff, 0xff, 0x60, 0x0, 0x4, 0xae,
    0xfe, 0xc7, 0x10, 0x0, 0x1a, 0xfe, 0x70, 0x0,

    /* U+0027 "'" */
    0x2, 0xbf, 0xd6, 0x0, 0xdf, 0xff, 0xf5, 0x3f,
    0xff, 0xff, 0xa2, 0xff, 0xff, 0xfa, 0xe, 0xff,
    0xff, 0x60, 0x8f, 0xff, 0xe0, 0x1, 0xff, 0xf7,
    0x0, 0xc, 0xff, 0x30, 0x0, 0x8f, 0xe0, 0x0,
    0x0, 0x52, 0x0,

    /* U+0028 "(" */
    0x0, 0x0, 0x0, 0x6c, 0xef, 0x70, 0x0, 0x3,
    0xdf, 0xff, 0xff, 0x0, 0x2, 0xff, 0xff, 0xff,
    0xd0, 0x0, 0xef, 0xff, 0xff, 0xc3, 0x0, 0x8f,
    0xff, 0xff, 0x20, 0x0, 0xf, 0xff, 0xff, 0xb0,
    0x0, 0x5, 0xff, 0xff, 0xf7, 0x0, 0x0, 0xaf,
    0xff, 0xff, 0x50, 0x0, 0xe, 0xff, 0xff, 0xf4,
    0x0, 0x0, 0xff, 0xff, 0xff, 0x30, 0x0, 0x2f,
    0xff, 0xff, 0xf2, 0x0, 0x3, 0xff, 0xff, 0xff,
    0x20, 0x0, 0x4f, 0xff, 0xff, 0xf2, 0x0, 0x3,
    0xff, 0xff, 0xff, 0x20, 0x0, 0x2f, 0xff, 0xff,
    0xf2, 0x0, 0x0, 0xff, 0xff, 0xff, 0x30, 0x0,
    0xd, 0xff, 0xff, 0xf4, 0x0, 0x0, 0xaf, 0xff,
    0xff, 0x50, 0x0, 0x4, 0xff, 0xff, 0xf8, 0x0,
    0x0, 0xe, 0xff, 0xff, 0xb0, 0x0, 0x0, 0x6f,
    0xff, 0xff, 0x40, 0x0, 0x0, 0xcf, 0xff, 0xff,
    0xe5, 0x0, 0x1, 0xef, 0xff, 0xff, 0xe0, 0x0,
    0x1, 0xcf, 0xff, 0xfe, 0x0, 0x0, 0x0, 0x4a,
    0xcc, 0x50,

    /* U+0029 ")" */
    0xa, 0xfe, 0xb4, 0x0, 0x0, 0x3, 0xff, 0xff,
    0xfa, 0x0, 0x0, 0x2f, 0xff, 0xff, 0xfc, 0x0,
    0x0, 0x6d, 0xff, 0xff, 0xf9, 0x0, 0x0, 0x6,
    0xff, 0xff, 0xf3, 0x0, 0x0, 0xf, 0xff, 0xff,
    0xb0, 0x0, 0x0, 0xcf, 0xff, 0xff, 0x10, 0x0,
    0xa, 0xff, 0xff, 0xf6, 0x0, 0x0, 0x9f, 0xff,
    0xff, 0x90, 0x0, 0x8, 0xff, 0xff, 0xfc, 0x0,
    0x0, 0x7f, 0xff, 0xff, 0xe0, 0x0, 0x7, 0xff,
    0xff, 0xff, 0x0, 0x0, 0x7f, 0xff, 0xff, 0xf0,
    0x0, 0x7, 0xff, 0xff, 0xfe, 0x0, 0x0, 0x7f,
    0xff, 0xff, 0xd0, 0x0, 0x8, 0xff, 0xff, 0xfb,
    0x0, 0x0, 0x9f, 0xff, 0xff, 0x80, 0x0, 0xa,
    0xff, 0xff, 0xf5, 0x0, 0x0, 0xdf, 0xff, 0xff,
    0x0, 0x0, 0x1f, 0xff, 0xff, 0xa0, 0x0, 0x8,
    0xff, 0xff, 0xf2, 0x0, 0x9f, 0xff, 0xff, 0xf8,
    0x0, 0x2f, 0xff, 0xff, 0xfa, 0x0, 0x3, 0xff,
    0xff, 0xf8, 0x0, 0x0, 0x8, 0xcb, 0x82, 0x0,
    0x0, 0x0,

    /* U+002A "*" */
    0x0, 0x0, 0xb, 0xfc, 0x10, 0x0, 0x0, 0x0,
    0x5, 0xff, 0xf7, 0x0, 0x0, 0x6, 0xd9, 0x5f,
    0xff, 0x77, 0xd8, 0x2, 0xff, 0xfc, 0xff, 0xfb,
    0xff, 0xf4, 0x4f, 0xff, 0xff, 0xff, 0xff, 0xff,
    0x70, 0xaf, 0xff, 0xff, 0xff, 0xff, 0xc1, 0x1,
    0x7d, 0xff, 0xff, 0xfe, 0x81, 0x1, 0xef, 0xff,
    0xff, 0xff, 0xff, 0xf3, 0x5f, 0xff, 0xff, 0xff,
    0xff, 0xff, 0x71, 0xef, 0xf9, 0xff, 0xf8, 0xff,
    0xf2, 0x2, 0x84, 0x5f, 0xff, 0x83, 0x83, 0x0,
    0x0, 0x4, 0xff, 0xf6, 0x0, 0x0, 0x0, 0x0,
    0x6, 0xa7, 0x0, 0x0, 0x0,

    /* U+002B "+" */
    0x0, 0x0, 0x0, 0x9d, 0xb4, 0x0, 0x0, 0x0,
    0x0, 0x0, 0x8f, 0xff, 0xf0, 0x0, 0x0, 0x0,
    0x0, 0xb, 0xff, 0xff, 0x30, 0x0, 0x0, 0x0,
    0x0, 0xcf, 0xff, 0xf4, 0x0, 0x0, 0x0, 0x0,
    0xd, 0xff, 0xff, 0x40, 0x0, 0x0, 0x5c, 0xdd,
    0xff, 0xff, 0xfe, 0xdd, 0x90, 0x1f, 0xff, 0xff,
    0xff, 0xff, 0xff, 0xff, 0x73, 0xff, 0xff, 0xff,
    0xff, 0xff, 0xff, 0xfa, 0x1f, 0xff, 0xff, 0xff,
    0xff, 0xff, 0xff, 0x80, 0x7e, 0xff, 0xff, 0xff,
    0xff, 0xff, 0xb1, 0x0, 0x0, 0xd, 0xff, 0xff,
    0x40, 0x0, 0x0, 0x0, 0x0, 0xdf, 0xff, 0xf4,
    0x0, 0x0, 0x0, 0x0, 0xc, 0xff, 0xff, 0x30,
    0x0, 0x0, 0x0, 0x0, 0x9f, 0xff, 0xf0, 0x0,
    0x0, 0x0, 0x0, 0x1, 0xbf, 0xe5, 0x0, 0x0,
    0x0,

    /* U+002C "," */
    0x0, 0x8e, 0xfb, 0x20, 0x7, 0xff, 0xff, 0xd0,
    0xc, 0xff, 0xff, 0xf2, 0xd, 0xff, 0xff, 0xf4,
    0x9, 0xff, 0xff, 0xf2, 0x0, 0xcf, 0xff, 0xe0,
    0x0, 0x8f, 0xff, 0x70, 0xa, 0xff, 0xfd, 0x0,
    0x6f, 0xff, 0xd1, 0x0, 0x4f, 0xf9, 0x10, 0x0,
    0x1, 0x10, 0x0, 0x0,

    /* U+002D "-" */
    0x0, 0x0, 0x0, 0x0, 0x0, 0x0, 0x0, 0x0,
    0x7e, 0xff, 0xff, 0xff, 0xff, 0xfe, 0x50, 0x2f,
    0xff, 0xff, 0xff, 0xff, 0xff, 0xff, 0x4, 0xff,
    0xff, 0xff, 0xff, 0xff, 0xff, 0xf2, 0x2f, 0xff,
    0xff, 0xff, 0xff, 0xff, 0xff, 0x0, 0x7e, 0xff,
    0xff, 0xff, 0xff, 0xfe, 0x50,

    /* U+002E "." */
    0x0, 0x3, 0x20, 0x0, 0x5f, 0xff, 0xc1, 0xf,
    0xff, 0xff, 0xa3, 0xff, 0xff, 0xfd, 0x3f, 0xff,
    0xff, 0xd0, 0xdf, 0xff, 0xf7, 0x2, 0xbf, 0xe8,
    0x0,

    /* U+002F "/" */
    0x0, 0x0, 0x0, 0x0, 0x1, 0xaf, 0xd2, 0x0,
    0x0, 0x0, 0x0, 0xc, 0xff, 0xf4, 0x0, 0x0,
    0x0, 0x0, 0x5f, 0xff, 0xf0, 0x0, 0x0, 0x0,
    0x0, 0xdf, 0xff, 0x90, 0x0, 0x0, 0x0, 0x4,
    0xff, 0xff, 0x30, 0x0, 0x0, 0x0, 0xb, 0xff,
    0xfc, 0x0, 0x0, 0x0, 0x0, 0x2f, 0xff, 0xf6,
    0x0, 0x0, 0x0, 0x0, 0xaf, 0xff, 0xf0, 0x0,
    0x0, 0x0, 0x1, 0xff, 0xff, 0x90, 0x0, 0x0,
    0x0, 0x7, 0xff, 0xff, 0x30, 0x0, 0x0, 0x0,
    0xe, 0xff, 0xfc, 0x0, 0x0, 0x0, 0x0, 0x5f,
    0xff, 0xf5, 0x0, 0x0, 0x0, 0x0, 0xcf, 0xff,
    0xe0, 0x0, 0x0, 0x0, 0x3, 0xff, 0xff, 0x80,
    0x0, 0x0, 0x0, 0x9, 0xff, 0xff, 0x10, 0x0,
    0x0, 0x0, 0xf, 0xff, 0xfa, 0x0, 0x0, 0x0,
    0x0, 0x6f, 0xff, 0xf3, 0x0, 0x0, 0x0, 0x0,
    0xcf, 0xff, 0xc0, 0x0, 0x0, 0x0, 0x3, 0xff,
    0xff, 0x40, 0x0, 0x0, 0x0, 0x9, 0xff, 0xfd,
    0x0, 0x0, 0x0, 0x0, 0xf, 0xff, 0xf6, 0x0,
    0x0, 0x0, 0x0, 0x5f, 0xff, 0xe0, 0x0, 0x0,
    0x0, 0x0, 0x7f, 0xff, 0x40, 0x0, 0x0, 0x0,
    0x0, 0x6, 0x61, 0x0, 0x0, 0x0, 0x0, 0x0,

    /* U+0030 "0" */
    0x0, 0x0, 0x0, 0x0, 0x0, 0x0, 0x2, 0xaa,
    0xbd, 0x70, 0x0, 0x0, 0x0, 0x0, 0x0, 0x0,
    0x0, 0x0, 0x0, 0x0, 0x0, 0x3, 0xf6, 0xdb,
    0x9f, 0xc0, 0x0, 0x0, 0x0, 0x0, 0x0, 0x0,
    0x0, 0x0, 0x0, 0x0, 0x0, 0xcb, 0xa3, 0x68,
    0xff, 0x0, 0x0, 0x0, 0x0, 0x0, 0x0, 0x0,
    0x0, 0x0, 0x0, 0x0, 0x2f, 0xc7, 0xcb, 0xff,
    0xb0, 0x0, 0x0, 0x0, 0x0, 0x0, 0x0, 0x0,
    0x0, 0x0, 0x0, 0x5, 0xff, 0x16, 0xaa, 0x60,
    0x0, 0x0, 0x0, 0x0, 0x0, 0x0, 0x0, 0x0,
    0x0, 0x0, 0x0, 0x7f, 0xf9, 0x36, 0x0, 0x0,
    0x0, 0x0, 0x0, 0x0, 0x0, 0x0, 0x0, 0x0,
    0x0, 0x0, 0x5, 0xbb, 0xb4, 0x10, 0x0, 0x0,
    0x0, 0x0, 0x0, 0x0, 0x0, 0x0, 0x0, 0x0,
    0x0, 0x0, 0x0, 0x0, 0x0, 0x0, 0x0, 0x0,
    0x0, 0x0, 0x0, 0x0, 0x0, 0x0, 0x0, 0x0,
    0x1, 0x37, 0x77, 0x87, 0x77, 0x77, 0x30, 0x0,
    0x0, 0x0, 0x0, 0x0, 0x0, 0x0, 0x0, 0x0,
    0x14, 0x64, 0x57, 0x64, 0x66, 0x63, 0x0, 0x0,
    0x0, 0x0, 0x0, 0x10, 0x10, 0x10, 0x0, 0x0,
    0x0, 0x0, 0x0, 0x0, 0x0, 0x1, 0x0, 0x0,
    0x0, 0x0, 0xc, 0x9e, 0x8d, 0x8e, 0x7a, 0x9c,
    0x98, 0x89, 0x4, 0x79, 0xd9, 0xb0, 0xa9, 0xdc,
    0xa5, 0xc1, 0x81, 0xa7, 0x94, 0x95, 0x85, 0x77,
    0x77, 0x76, 0x19, 0x49, 0x79, 0x7, 0x67, 0xa8,
    0x67, 0x7, 0x75, 0x44, 0x7, 0x66, 0x81, 0x95,
    0x59, 0x16, 0x55, 0x78, 0x78, 0x69, 0x55, 0x46,
    0x40, 0x54, 0x57, 0x62, 0x67, 0x54, 0x5, 0x45,
    0x91, 0x65, 0x59, 0x89, 0x86, 0x94, 0x57, 0x86,
    0x20, 0x0, 0x0, 0x0, 0x2, 0x0, 0x0, 0x0,
    0x20, 0x0, 0x0, 0x1, 0x0, 0x0, 0x0, 0x0,
    0x0, 0x0, 0x0, 0x0, 0x70, 0x0, 0x0, 0x6,
    0x0, 0x0, 0x2, 0x40, 0x0, 0x0, 0x0, 0x0,
    0x0, 0x0, 0x0, 0x0, 0x0, 0x0, 0x0, 0x0,
    0x0, 0x0, 0x0, 0x0, 0x0, 0x0, 0x0, 0x7b,
    0x5b, 0x88, 0xb4, 0x87, 0x88, 0xc8, 0x88, 0xa4,
    0x48, 0x8a, 0xc9, 0x85, 0xbb, 0x8b, 0x50,

    /* U+0031 "1" */
    0x0, 0x0, 0x0, 0x0, 0x0, 0x0, 0x2, 0xaa,
    0xbd, 0x70, 0x0, 0x0, 0x0, 0x0, 0x0, 0x0,
    0x0, 0x0, 0x0, 0x0, 0x0, 0x3, 0xf6, 0xdb,
    0x9f, 0xc0, 0x0, 0x0, 0x0, 0x0, 0x0, 0x0,
    0x0, 0x0, 0x0, 0x0, 0x0, 0xcb, 0xa3, 0x68,
    0xff, 0x0, 0x0, 0x0, 0x0, 0x0, 0x0, 0x0,
    0x0, 0x0, 0x0, 0x0, 0x2f, 0xc7, 0xcb, 0xff,
    0xb0, 0x0, 0x0, 0x0, 0x0, 0x0, 0x0, 0x0,
    0x0, 0x0, 0x0, 0x5, 0xff, 0x16, 0xaa, 0x60,
    0x0, 0x0, 0x0, 0x0, 0x0, 0x0, 0x0, 0x0,
    0x0, 0x0, 0x0, 0x7f, 0xf9, 0x36, 0x0, 0x0,
    0x0, 0x0, 0x0, 0x0, 0x0, 0x0, 0x0, 0x0,
    0x0, 0x0, 0x5, 0xbb, 0xb4, 0x10, 0x0, 0x0,
    0x0, 0x0, 0x0, 0x0, 0x0, 0x0, 0x0, 0x0,
    0x0, 0x0, 0x0, 0x0, 0x0, 0x0, 0x0, 0x0,
    0x0, 0x0, 0x0, 0x0, 0x0, 0x0, 0x0, 0x0,
    0x1, 0x37, 0x77, 0x87, 0x77, 0x77, 0x30, 0x0,
    0x0, 0x0, 0x0, 0x0, 0x0, 0x0, 0x0, 0x0,
    0x14, 0x64, 0x57, 0x64, 0x66, 0x63, 0x0, 0x0,
    0x0, 0x0, 0x0, 0x10, 0x10, 0x10, 0x0, 0x0,
    0x0, 0x0, 0x0, 0x0, 0x0, 0x1, 0x0, 0x0,
    0x0, 0x0, 0xc, 0x9e, 0x8d, 0x8e, 0x7a, 0x9c,
    0x98, 0x89, 0x4, 0x79, 0xd9, 0xb0, 0xa9, 0xdc,
    0xa5, 0xc1, 0x81, 0xa7, 0x94, 0x95, 0x85, 0x77,
    0x77, 0x76, 0x19, 0x49, 0x79, 0x7, 0x67, 0xa8,
    0x67, 0x7, 0x75, 0x44, 0x7, 0x66, 0x81, 0x95,
    0x59, 0x16, 0x55, 0x78, 0x78, 0x69, 0x55, 0x46,
    0x40, 0x54, 0x57, 0x62, 0x67, 0x54, 0x5, 0x45,
    0x91, 0x65, 0x59, 0x89, 0x86, 0x94, 0x57, 0x86,
    0x20, 0x0, 0x0, 0x0, 0x2, 0x0, 0x0, 0x0,
    0x20, 0x0, 0x0, 0x1, 0x0, 0x0, 0x0, 0x0,
    0x0, 0x0, 0x0, 0x0, 0x70, 0x0, 0x0, 0x6,
    0x0, 0x0, 0x2, 0x40, 0x0, 0x0, 0x0, 0x0,
    0x0, 0x0, 0x0, 0x0, 0x0, 0x0, 0x0, 0x0,
    0x0, 0x0, 0x0, 0x0, 0x0, 0x0, 0x0, 0x7b,
    0x5b, 0x88, 0xb4, 0x87, 0x88, 0xc8, 0x88, 0xa4,
    0x48, 0x8a, 0xc9, 0x85, 0xbb, 0x8b, 0x50,

    /* U+0032 "2" */
    0x0, 0x0, 0x0, 0x0, 0x0, 0x0, 0x2, 0xaa,
    0xbd, 0x70, 0x0, 0x0, 0x0, 0x0, 0x0, 0x0,
    0x0, 0x0, 0x0, 0x0, 0x0, 0x3, 0xf6, 0xdb,
    0x9f, 0xc0, 0x0, 0x0, 0x0, 0x0, 0x0, 0x0,
    0x0, 0x0, 0x0, 0x0, 0x0, 0xcb, 0xa3, 0x68,
    0xff, 0x0, 0x0, 0x0, 0x0, 0x0, 0x0, 0x0,
    0x0, 0x0, 0x0, 0x0, 0x2f, 0xc7, 0xcb, 0xff,
    0xb0, 0x0, 0x0, 0x0, 0x0, 0x0, 0x0, 0x0,
    0x0, 0x0, 0x0, 0x5, 0xff, 0x16, 0xaa, 0x60,
    0x0, 0x0, 0x0, 0x0, 0x0, 0x0, 0x0, 0x0,
    0x0, 0x0, 0x0, 0x7f, 0xf9, 0x36, 0x0, 0x0,
    0x0, 0x0, 0x0, 0x0, 0x0, 0x0, 0x0, 0x0,
    0x0, 0x0, 0x5, 0xbb, 0xb4, 0x10, 0x0, 0x0,
    0x0, 0x0, 0x0, 0x0, 0x0, 0x0, 0x0, 0x0,
    0x0, 0x0, 0x0, 0x0, 0x0, 0x0, 0x0, 0x0,
    0x0, 0x0, 0x0, 0x0, 0x0, 0x0, 0x0, 0x0,
    0x1, 0x37, 0x77, 0x87, 0x77, 0x77, 0x30, 0x0,
    0x0, 0x0, 0x0, 0x0, 0x0, 0x0, 0x0, 0x0,
    0x14, 0x64, 0x57, 0x64, 0x66, 0x63, 0x0, 0x0,
    0x0, 0x0, 0x0, 0x10, 0x10, 0x10, 0x0, 0x0,
    0x0, 0x0, 0x0, 0x0, 0x0, 0x1, 0x0, 0x0,
    0x0, 0x0, 0xc, 0x9e, 0x8d, 0x8e, 0x7a, 0x9c,
    0x98, 0x89, 0x4, 0x79, 0xd9, 0xb0, 0xa9, 0xdc,
    0xa5, 0xc1, 0x81, 0xa7, 0x94, 0x95, 0x85, 0x77,
    0x77, 0x76, 0x19, 0x49, 0x79, 0x7, 0x67, 0xa8,
    0x67, 0x7, 0x75, 0x44, 0x7, 0x66, 0x81, 0x95,
    0x59, 0x16, 0x55, 0x78, 0x78, 0x69, 0x55, 0x46,
    0x40, 0x54, 0x57, 0x62, 0x67, 0x54, 0x5, 0x45,
    0x91, 0x65, 0x59, 0x89, 0x86, 0x94, 0x57, 0x86,
    0x20, 0x0, 0x0, 0x0, 0x2, 0x0, 0x0, 0x0,
    0x20, 0x0, 0x0, 0x1, 0x0, 0x0, 0x0, 0x0,
    0x0, 0x0, 0x0, 0x0, 0x70, 0x0, 0x0, 0x6,
    0x0, 0x0, 0x2, 0x40, 0x0, 0x0, 0x0, 0x0,
    0x0, 0x0, 0x0, 0x0, 0x0, 0x0, 0x0, 0x0,
    0x0, 0x0, 0x0, 0x0, 0x0, 0x0, 0x0, 0x7b,
    0x5b, 0x88, 0xb4, 0x87, 0x88, 0xc8, 0x88, 0xa4,
    0x48, 0x8a, 0xc9, 0x85, 0xbb, 0x8b, 0x50,

    /* U+0033 "3" */
    0x0, 0x0, 0x0, 0x0, 0x0, 0x0, 0x2, 0xaa,
    0xbd, 0x70, 0x0, 0x0, 0x0, 0x0, 0x0, 0x0,
    0x0, 0x0, 0x0, 0x0, 0x0, 0x3, 0xf6, 0xdb,
    0x9f, 0xc0, 0x0, 0x0, 0x0, 0x0, 0x0, 0x0,
    0x0, 0x0, 0x0, 0x0, 0x0, 0xcb, 0xa3, 0x68,
    0xff, 0x0, 0x0, 0x0, 0x0, 0x0, 0x0, 0x0,
    0x0, 0x0, 0x0, 0x0, 0x2f, 0xc7, 0xcb, 0xff,
    0xb0, 0x0, 0x0, 0x0, 0x0, 0x0, 0x0, 0x0,
    0x0, 0x0, 0x0, 0x5, 0xff, 0x16, 0xaa, 0x60,
    0x0, 0x0, 0x0, 0x0, 0x0, 0x0, 0x0, 0x0,
    0x0, 0x0, 0x0, 0x7f, 0xf9, 0x36, 0x0, 0x0,
    0x0, 0x0, 0x0, 0x0, 0x0, 0x0, 0x0, 0x0,
    0x0, 0x0, 0x5, 0xbb, 0xb4, 0x10, 0x0, 0x0,
    0x0, 0x0, 0x0, 0x0, 0x0, 0x0, 0x0, 0x0,
    0x0, 0x0, 0x0, 0x0, 0x0, 0x0, 0x0, 0x0,
    0x0, 0x0, 0x0, 0x0, 0x0, 0x0, 0x0, 0x0,
    0x1, 0x37, 0x77, 0x87, 0x77, 0x77, 0x30, 0x0,
    0x0, 0x0, 0x0, 0x0, 0x0, 0x0, 0x0, 0x0,
    0x14, 0x64, 0x57, 0x64, 0x66, 0x63, 0x0, 0x0,
    0x0, 0x0, 0x0, 0x10, 0x10, 0x10, 0x0, 0x0,
    0x0, 0x0, 0x0, 0x0, 0x0, 0x1, 0x0, 0x0,
    0x0, 0x0, 0xc, 0x9e, 0x8d, 0x8e, 0x7a, 0x9c,
    0x98, 0x89, 0x4, 0x79, 0xd9, 0xb0, 0xa9, 0xdc,
    0xa5, 0xc1, 0x81, 0xa7, 0x94, 0x95, 0x85, 0x77,
    0x77, 0x76, 0x19, 0x49, 0x79, 0x7, 0x67, 0xa8,
    0x67, 0x7, 0x75, 0x44, 0x7, 0x66, 0x81, 0x95,
    0x59, 0x16, 0x55, 0x78, 0x78, 0x69, 0x55, 0x46,
    0x40, 0x54, 0x57, 0x62, 0x67, 0x54, 0x5, 0x45,
    0x91, 0x65, 0x59, 0x89, 0x86, 0x94, 0x57, 0x86,
    0x20, 0x0, 0x0, 0x0, 0x2, 0x0, 0x0, 0x0,
    0x20, 0x0, 0x0, 0x1, 0x0, 0x0, 0x0, 0x0,
    0x0, 0x0, 0x0, 0x0, 0x70, 0x0, 0x0, 0x6,
    0x0, 0x0, 0x2, 0x40, 0x0, 0x0, 0x0, 0x0,
    0x0, 0x0, 0x0, 0x0, 0x0, 0x0, 0x0, 0x0,
    0x0, 0x0, 0x0, 0x0, 0x0, 0x0, 0x0, 0x7b,
    0x5b, 0x88, 0xb4, 0x87, 0x88, 0xc8, 0x88, 0xa4,
    0x48, 0x8a, 0xc9, 0x85, 0xbb, 0x8b, 0x50,

    /* U+0034 "4" */
    0x0, 0x0, 0x0, 0x0, 0x0, 0x0, 0x2, 0xaa,
    0xbd, 0x70, 0x0, 0x0, 0x0, 0x0, 0x0, 0x0,
    0x0, 0x0, 0x0, 0x0, 0x0, 0x3, 0xf6, 0xdb,
    0x9f, 0xc0, 0x0, 0x0, 0x0, 0x0, 0x0, 0x0,
    0x0, 0x0, 0x0, 0x0, 0x0, 0xcb, 0xa3, 0x68,
    0xff, 0x0, 0x0, 0x0, 0x0, 0x0, 0x0, 0x0,
    0x0, 0x0, 0x0, 0x0, 0x2f, 0xc7, 0xcb, 0xff,
    0xb0, 0x0, 0x0, 0x0, 0x0, 0x0, 0x0, 0x0,
    0x0, 0x0, 0x0, 0x5, 0xff, 0x16, 0xaa, 0x60,
    0x0, 0x0, 0x0, 0x0, 0x0, 0x0, 0x0, 0x0,
    0x0, 0x0, 0x0, 0x7f, 0xf9, 0x36, 0x0, 0x0,
    0x0, 0x0, 0x0, 0x0, 0x0, 0x0, 0x0, 0x0,
    0x0, 0x0, 0x5, 0xbb, 0xb4, 0x10, 0x0, 0x0,
    0x0, 0x0, 0x0, 0x0, 0x0, 0x0, 0x0, 0x0,
    0x0, 0x0, 0x0, 0x0, 0x0, 0x0, 0x0, 0x0,
    0x0, 0x0, 0x0, 0x0, 0x0, 0x0, 0x0, 0x0,
    0x1, 0x37, 0x77, 0x87, 0x77, 0x77, 0x30, 0x0,
    0x0, 0x0, 0x0, 0x0, 0x0, 0x0, 0x0, 0x0,
    0x14, 0x64, 0x57, 0x64, 0x66, 0x63, 0x0, 0x0,
    0x0, 0x0, 0x0, 0x10, 0x10, 0x10, 0x0, 0x0,
    0x0, 0x0, 0x0, 0x0, 0x0, 0x1, 0x0, 0x0,
    0x0, 0x0, 0xc, 0x9e, 0x8d, 0x8e, 0x7a, 0x9c,
    0x98, 0x89, 0x4, 0x79, 0xd9, 0xb0, 0xa9, 0xdc,
    0xa5, 0xc1, 0x81, 0xa7, 0x94, 0x95, 0x85, 0x77,
    0x77, 0x76, 0x19, 0x49, 0x79, 0x7, 0x67, 0xa8,
    0x67, 0x7, 0x75, 0x44, 0x7, 0x66, 0x81, 0x95,
    0x59, 0x16, 0x55, 0x78, 0x78, 0x69, 0x55, 0x46,
    0x40, 0x54, 0x57, 0x62, 0x67, 0x54, 0x5, 0x45,
    0x91, 0x65, 0x59, 0x89, 0x86, 0x94, 0x57, 0x86,
    0x20, 0x0, 0x0, 0x0, 0x2, 0x0, 0x0, 0x0,
    0x20, 0x0, 0x0, 0x1, 0x0, 0x0, 0x0, 0x0,
    0x0, 0x0, 0x0, 0x0, 0x70, 0x0, 0x0, 0x6,
    0x0, 0x0, 0x2, 0x40, 0x0, 0x0, 0x0, 0x0,
    0x0, 0x0, 0x0, 0x0, 0x0, 0x0, 0x0, 0x0,
    0x0, 0x0, 0x0, 0x0, 0x0, 0x0, 0x0, 0x7b,
    0x5b, 0x88, 0xb4, 0x87, 0x88, 0xc8, 0x88, 0xa4,
    0x48, 0x8a, 0xc9, 0x85, 0xbb, 0x8b, 0x50,

    /* U+0035 "5" */
    0x0, 0x0, 0x0, 0x0, 0x0, 0x0, 0x2, 0xaa,
    0xbd, 0x70, 0x0, 0x0, 0x0, 0x0, 0x0, 0x0,
    0x0, 0x0, 0x0, 0x0, 0x0, 0x3, 0xf6, 0xdb,
    0x9f, 0xc0, 0x0, 0x0, 0x0, 0x0, 0x0, 0x0,
    0x0, 0x0, 0x0, 0x0, 0x0, 0xcb, 0xa3, 0x68,
    0xff, 0x0, 0x0, 0x0, 0x0, 0x0, 0x0, 0x0,
    0x0, 0x0, 0x0, 0x0, 0x2f, 0xc7, 0xcb, 0xff,
    0xb0, 0x0, 0x0, 0x0, 0x0, 0x0, 0x0, 0x0,
    0x0, 0x0, 0x0, 0x5, 0xff, 0x16, 0xaa, 0x60,
    0x0, 0x0, 0x0, 0x0, 0x0, 0x0, 0x0, 0x0,
    0x0, 0x0, 0x0, 0x7f, 0xf9, 0x36, 0x0, 0x0,
    0x0, 0x0, 0x0, 0x0, 0x0, 0x0, 0x0, 0x0,
    0x0, 0x0, 0x5, 0xbb, 0xb4, 0x10, 0x0, 0x0,
    0x0, 0x0, 0x0, 0x0, 0x0, 0x0, 0x0, 0x0,
    0x0, 0x0, 0x0, 0x0, 0x0, 0x0, 0x0, 0x0,
    0x0, 0x0, 0x0, 0x0, 0x0, 0x0, 0x0, 0x0,
    0x1, 0x37, 0x77, 0x87, 0x77, 0x77, 0x30, 0x0,
    0x0, 0x0, 0x0, 0x0, 0x0, 0x0, 0x0, 0x0,
    0x14, 0x64, 0x57, 0x64, 0x66, 0x63, 0x0, 0x0,
    0x0, 0x0, 0x0, 0x10, 0x10, 0x10, 0x0, 0x0,
    0x0, 0x0, 0x0, 0x0, 0x0, 0x1, 0x0, 0x0,
    0x0, 0x0, 0xc, 0x9e, 0x8d, 0x8e, 0x7a, 0x9c,
    0x98, 0x89, 0x4, 0x79, 0xd9, 0xb0, 0xa9, 0xdc,
    0xa5, 0xc1, 0x81, 0xa7, 0x94, 0x95, 0x85, 0x77,
    0x77, 0x76, 0x19, 0x49, 0x79, 0x7, 0x67, 0xa8,
    0x67, 0x7, 0x75, 0x44, 0x7, 0x66, 0x81, 0x95,
    0x59, 0x16, 0x55, 0x78, 0x78, 0x69, 0x55, 0x46,
    0x40, 0x54, 0x57, 0x62, 0x67, 0x54, 0x5, 0x45,
    0x91, 0x65, 0x59, 0x89, 0x86, 0x94, 0x57, 0x86,
    0x20, 0x0, 0x0, 0x0, 0x2, 0x0, 0x0, 0x0,
    0x20, 0x0, 0x0, 0x1, 0x0, 0x0, 0x0, 0x0,
    0x0, 0x0, 0x0, 0x0, 0x70, 0x0, 0x0, 0x6,
    0x0, 0x0, 0x2, 0x40, 0x0, 0x0, 0x0, 0x0,
    0x0, 0x0, 0x0, 0x0, 0x0, 0x0, 0x0, 0x0,
    0x0, 0x0, 0x0, 0x0, 0x0, 0x0, 0x0, 0x7b,
    0x5b, 0x88, 0xb4, 0x87, 0x88, 0xc8, 0x88, 0xa4,
    0x48, 0x8a, 0xc9, 0x85, 0xbb, 0x8b, 0x50,

    /* U+0036 "6" */
    0x0, 0x0, 0x0, 0x0, 0x0, 0x0, 0x2, 0xaa,
    0xbd, 0x70, 0x0, 0x0, 0x0, 0x0, 0x0, 0x0,
    0x0, 0x0, 0x0, 0x0, 0x0, 0x3, 0xf6, 0xdb,
    0x9f, 0xc0, 0x0, 0x0, 0x0, 0x0, 0x0, 0x0,
    0x0, 0x0, 0x0, 0x0, 0x0, 0xcb, 0xa3, 0x68,
    0xff, 0x0, 0x0, 0x0, 0x0, 0x0, 0x0, 0x0,
    0x0, 0x0, 0x0, 0x0, 0x2f, 0xc7, 0xcb, 0xff,
    0xb0, 0x0, 0x0, 0x0, 0x0, 0x0, 0x0, 0x0,
    0x0, 0x0, 0x0, 0x5, 0xff, 0x16, 0xaa, 0x60,
    0x0, 0x0, 0x0, 0x0, 0x0, 0x0, 0x0, 0x0,
    0x0, 0x0, 0x0, 0x7f, 0xf9, 0x36, 0x0, 0x0,
    0x0, 0x0, 0x0, 0x0, 0x0, 0x0, 0x0, 0x0,
    0x0, 0x0, 0x5, 0xbb, 0xb4, 0x10, 0x0, 0x0,
    0x0, 0x0, 0x0, 0x0, 0x0, 0x0, 0x0, 0x0,
    0x0, 0x0, 0x0, 0x0, 0x0, 0x0, 0x0, 0x0,
    0x0, 0x0, 0x0, 0x0, 0x0, 0x0, 0x0, 0x0,
    0x1, 0x37, 0x77, 0x87, 0x77, 0x77, 0x30, 0x0,
    0x0, 0x0, 0x0, 0x0, 0x0, 0x0, 0x0, 0x0,
    0x14, 0x64, 0x57, 0x64, 0x66, 0x63, 0x0, 0x0,
    0x0, 0x0, 0x0, 0x10, 0x10, 0x10, 0x0, 0x0,
    0x0, 0x0, 0x0, 0x0, 0x0, 0x1, 0x0, 0x0,
    0x0, 0x0, 0xc, 0x9e, 0x8d, 0x8e, 0x7a, 0x9c,
    0x98, 0x89, 0x4, 0x79, 0xd9, 0xb0, 0xa9, 0xdc,
    0xa5, 0xc1, 0x81, 0xa7, 0x94, 0x95, 0x85, 0x77,
    0x77, 0x76, 0x19, 0x49, 0x79, 0x7, 0x67, 0xa8,
    0x67, 0x7, 0x75, 0x44, 0x7, 0x66, 0x81, 0x95,
    0x59, 0x16, 0x55, 0x78, 0x78, 0x69, 0x55, 0x46,
    0x40, 0x54, 0x57, 0x62, 0x67, 0x54, 0x5, 0x45,
    0x91, 0x65, 0x59, 0x89, 0x86, 0x94, 0x57, 0x86,
    0x20, 0x0, 0x0, 0x0, 0x2, 0x0, 0x0, 0x0,
    0x20, 0x0, 0x0, 0x1, 0x0, 0x0, 0x0, 0x0,
    0x0, 0x0, 0x0, 0x0, 0x70, 0x0, 0x0, 0x6,
    0x0, 0x0, 0x2, 0x40, 0x0, 0x0, 0x0, 0x0,
    0x0, 0x0, 0x0, 0x0, 0x0, 0x0, 0x0, 0x0,
    0x0, 0x0, 0x0, 0x0, 0x0, 0x0, 0x0, 0x7b,
    0x5b, 0x88, 0xb4, 0x87, 0x88, 0xc8, 0x88, 0xa4,
    0x48, 0x8a, 0xc9, 0x85, 0xbb, 0x8b, 0x50,

    /* U+0037 "7" */
    0x0, 0x0, 0x0, 0x0, 0x0, 0x0, 0x2, 0xaa,
    0xbd, 0x70, 0x0, 0x0, 0x0, 0x0, 0x0, 0x0,
    0x0, 0x0, 0x0, 0x0, 0x0, 0x3, 0xf6, 0xdb,
    0x9f, 0xc0, 0x0, 0x0, 0x0, 0x0, 0x0, 0x0,
    0x0, 0x0, 0x0, 0x0, 0x0, 0xcb, 0xa3, 0x68,
    0xff, 0x0, 0x0, 0x0, 0x0, 0x0, 0x0, 0x0,
    0x0, 0x0, 0x0, 0x0, 0x2f, 0xc7, 0xcb, 0xff,
    0xb0, 0x0, 0x0, 0x0, 0x0, 0x0, 0x0, 0x0,
    0x0, 0x0, 0x0, 0x5, 0xff, 0x16, 0xaa, 0x60,
    0x0, 0x0, 0x0, 0x0, 0x0, 0x0, 0x0, 0x0,
    0x0, 0x0, 0x0, 0x7f, 0xf9, 0x36, 0x0, 0x0,
    0x0, 0x0, 0x0, 0x0, 0x0, 0x0, 0x0, 0x0,
    0x0, 0x0, 0x5, 0xbb, 0xb4, 0x10, 0x0, 0x0,
    0x0, 0x0, 0x0, 0x0, 0x0, 0x0, 0x0, 0x0,
    0x0, 0x0, 0x0, 0x0, 0x0, 0x0, 0x0, 0x0,
    0x0, 0x0, 0x0, 0x0, 0x0, 0x0, 0x0, 0x0,
    0x1, 0x37, 0x77, 0x87, 0x77, 0x77, 0x30, 0x0,
    0x0, 0x0, 0x0, 0x0, 0x0, 0x0, 0x0, 0x0,
    0x14, 0x64, 0x57, 0x64, 0x66, 0x63, 0x0, 0x0,
    0x0, 0x0, 0x0, 0x10, 0x10, 0x10, 0x0, 0x0,
    0x0, 0x0, 0x0, 0x0, 0x0, 0x1, 0x0, 0x0,
    0x0, 0x0, 0xc, 0x9e, 0x8d, 0x8e, 0x7a, 0x9c,
    0x98, 0x89, 0x4, 0x79, 0xd9, 0xb0, 0xa9, 0xdc,
    0xa5, 0xc1, 0x81, 0xa7, 0x94, 0x95, 0x85, 0x77,
    0x77, 0x76, 0x19, 0x49, 0x79, 0x7, 0x67, 0xa8,
    0x67, 0x7, 0x75, 0x44, 0x7, 0x66, 0x81, 0x95,
    0x59, 0x16, 0x55, 0x78, 0x78, 0x69, 0x55, 0x46,
    0x40, 0x54, 0x57, 0x62, 0x67, 0x54, 0x5, 0x45,
    0x91, 0x65, 0x59, 0x89, 0x86, 0x94, 0x57, 0x86,
    0x20, 0x0, 0x0, 0x0, 0x2, 0x0, 0x0, 0x0,
    0x20, 0x0, 0x0, 0x1, 0x0, 0x0, 0x0, 0x0,
    0x0, 0x0, 0x0, 0x0, 0x70, 0x0, 0x0, 0x6,
    0x0, 0x0, 0x2, 0x40, 0x0, 0x0, 0x0, 0x0,
    0x0, 0x0, 0x0, 0x0, 0x0, 0x0, 0x0, 0x0,
    0x0, 0x0, 0x0, 0x0, 0x0, 0x0, 0x0, 0x7b,
    0x5b, 0x88, 0xb4, 0x87, 0x88, 0xc8, 0x88, 0xa4,
    0x48, 0x8a, 0xc9, 0x85, 0xbb, 0x8b, 0x50,

    /* U+0038 "8" */
    0x0, 0x0, 0x0, 0x0, 0x0, 0x0, 0x2, 0xaa,
    0xbd, 0x70, 0x0, 0x0, 0x0, 0x0, 0x0, 0x0,
    0x0, 0x0, 0x0, 0x0, 0x0, 0x3, 0xf6, 0xdb,
    0x9f, 0xc0, 0x0, 0x0, 0x0, 0x0, 0x0, 0x0,
    0x0, 0x0, 0x0, 0x0, 0x0, 0xcb, 0xa3, 0x68,
    0xff, 0x0, 0x0, 0x0, 0x0, 0x0, 0x0, 0x0,
    0x0, 0x0, 0x0, 0x0, 0x2f, 0xc7, 0xcb, 0xff,
    0xb0, 0x0, 0x0, 0x0, 0x0, 0x0, 0x0, 0x0,
    0x0, 0x0, 0x0, 0x5, 0xff, 0x16, 0xaa, 0x60,
    0x0, 0x0, 0x0, 0x0, 0x0, 0x0, 0x0, 0x0,
    0x0, 0x0, 0x0, 0x7f, 0xf9, 0x36, 0x0, 0x0,
    0x0, 0x0, 0x0, 0x0, 0x0, 0x0, 0x0, 0x0,
    0x0, 0x0, 0x5, 0xbb, 0xb4, 0x10, 0x0, 0x0,
    0x0, 0x0, 0x0, 0x0, 0x0, 0x0, 0x0, 0x0,
    0x0, 0x0, 0x0, 0x0, 0x0, 0x0, 0x0, 0x0,
    0x0, 0x0, 0x0, 0x0, 0x0, 0x0, 0x0, 0x0,
    0x1, 0x37, 0x77, 0x87, 0x77, 0x77, 0x30, 0x0,
    0x0, 0x0, 0x0, 0x0, 0x0, 0x0, 0x0, 0x0,
    0x14, 0x64, 0x57, 0x64, 0x66, 0x63, 0x0, 0x0,
    0x0, 0x0, 0x0, 0x10, 0x10, 0x10, 0x0, 0x0,
    0x0, 0x0, 0x0, 0x0, 0x0, 0x1, 0x0, 0x0,
    0x0, 0x0, 0xc, 0x9e, 0x8d, 0x8e, 0x7a, 0x9c,
    0x98, 0x89, 0x4, 0x79, 0xd9, 0xb0, 0xa9, 0xdc,
    0xa5, 0xc1, 0x81, 0xa7, 0x94, 0x95, 0x85, 0x77,
    0x77, 0x76, 0x19, 0x49, 0x79, 0x7, 0x67, 0xa8,
    0x67, 0x7, 0x75, 0x44, 0x7, 0x66, 0x81, 0x95,
    0x59, 0x16, 0x55, 0x78, 0x78, 0x69, 0x55, 0x46,
    0x40, 0x54, 0x57, 0x62, 0x67, 0x54, 0x5, 0x45,
    0x91, 0x65, 0x59, 0x89, 0x86, 0x94, 0x57, 0x86,
    0x20, 0x0, 0x0, 0x0, 0x2, 0x0, 0x0, 0x0,
    0x20, 0x0, 0x0, 0x1, 0x0, 0x0, 0x0, 0x0,
    0x0, 0x0, 0x0, 0x0, 0x70, 0x0, 0x0, 0x6,
    0x0, 0x0, 0x2, 0x40, 0x0, 0x0, 0x0, 0x0,
    0x0, 0x0, 0x0, 0x0, 0x0, 0x0, 0x0, 0x0,
    0x0, 0x0, 0x0, 0x0, 0x0, 0x0, 0x0, 0x7b,
    0x5b, 0x88, 0xb4, 0x87, 0x88, 0xc8, 0x88, 0xa4,
    0x48, 0x8a, 0xc9, 0x85, 0xbb, 0x8b, 0x50,

    /* U+0039 "9" */
    0x0, 0x0, 0x0, 0x0, 0x0, 0x0, 0x2, 0xaa,
    0xbd, 0x70, 0x0, 0x0, 0x0, 0x0, 0x0, 0x0,
    0x0, 0x0, 0x0, 0x0, 0x0, 0x3, 0xf6, 0xdb,
    0x9f, 0xc0, 0x0, 0x0, 0x0, 0x0, 0x0, 0x0,
    0x0, 0x0, 0x0, 0x0, 0x0, 0xcb, 0xa3, 0x68,
    0xff, 0x0, 0x0, 0x0, 0x0, 0x0, 0x0, 0x0,
    0x0, 0x0, 0x0, 0x0, 0x2f, 0xc7, 0xcb, 0xff,
    0xb0, 0x0, 0x0, 0x0, 0x0, 0x0, 0x0, 0x0,
    0x0, 0x0, 0x0, 0x5, 0xff, 0x16, 0xaa, 0x60,
    0x0, 0x0, 0x0, 0x0, 0x0, 0x0, 0x0, 0x0,
    0x0, 0x0, 0x0, 0x7f, 0xf9, 0x36, 0x0, 0x0,
    0x0, 0x0, 0x0, 0x0, 0x0, 0x0, 0x0, 0x0,
    0x0, 0x0, 0x5, 0xbb, 0xb4, 0x10, 0x0, 0x0,
    0x0, 0x0, 0x0, 0x0, 0x0, 0x0, 0x0, 0x0,
    0x0, 0x0, 0x0, 0x0, 0x0, 0x0, 0x0, 0x0,
    0x0, 0x0, 0x0, 0x0, 0x0, 0x0, 0x0, 0x0,
    0x1, 0x37, 0x77, 0x87, 0x77, 0x77, 0x30, 0x0,
    0x0, 0x0, 0x0, 0x0, 0x0, 0x0, 0x0, 0x0,
    0x14, 0x64, 0x57, 0x64, 0x66, 0x63, 0x0, 0x0,
    0x0, 0x0, 0x0, 0x10, 0x10, 0x10, 0x0, 0x0,
    0x0, 0x0, 0x0, 0x0, 0x0, 0x1, 0x0, 0x0,
    0x0, 0x0, 0xc, 0x9e, 0x8d, 0x8e, 0x7a, 0x9c,
    0x98, 0x89, 0x4, 0x79, 0xd9, 0xb0, 0xa9, 0xdc,
    0xa5, 0xc1, 0x81, 0xa7, 0x94, 0x95, 0x85, 0x77,
    0x77, 0x76, 0x19, 0x49, 0x79, 0x7, 0x67, 0xa8,
    0x67, 0x7, 0x75, 0x44, 0x7, 0x66, 0x81, 0x95,
    0x59, 0x16, 0x55, 0x78, 0x78, 0x69, 0x55, 0x46,
    0x40, 0x54, 0x57, 0x62, 0x67, 0x54, 0x5, 0x45,
    0x91, 0x65, 0x59, 0x89, 0x86, 0x94, 0x57, 0x86,
    0x20, 0x0, 0x0, 0x0, 0x2, 0x0, 0x0, 0x0,
    0x20, 0x0, 0x0, 0x1, 0x0, 0x0, 0x0, 0x0,
    0x0, 0x0, 0x0, 0x0, 0x70, 0x0, 0x0, 0x6,
    0x0, 0x0, 0x2, 0x40, 0x0, 0x0, 0x0, 0x0,
    0x0, 0x0, 0x0, 0x0, 0x0, 0x0, 0x0, 0x0,
    0x0, 0x0, 0x0, 0x0, 0x0, 0x0, 0x0, 0x7b,
    0x5b, 0x88, 0xb4, 0x87, 0x88, 0xc8, 0x88, 0xa4,
    0x48, 0x8a, 0xc9, 0x85, 0xbb, 0x8b, 0x50,

    /* U+003A ":" */
    0x4, 0xdf, 0xc2, 0x1, 0xff, 0xff, 0xc0, 0x4f,
    0xff, 0xff, 0x2, 0xff, 0xff, 0xe0, 0xa, 0xff,
    0xf6, 0x0, 0x3, 0x52, 0x0, 0x0, 0x0, 0x0,
    0x0, 0x0, 0x0, 0x0, 0x0, 0x46, 0x20, 0x0,
    0xaf, 0xff, 0x60, 0x2f, 0xff, 0xff, 0x4, 0xff,
    0xff, 0xf0, 0x1f, 0xff, 0xfc, 0x0, 0x4d, 0xfc,
    0x20,

    /* U+003B ";" */
    0x1, 0xaf, 0xe6, 0x0, 0xaf, 0xff, 0xf3, 0xd,
    0xff, 0xff, 0x60, 0xcf, 0xff, 0xf5, 0x4, 0xff,
    0xfc, 0x0, 0x1, 0x54, 0x0, 0x0, 0x0, 0x0,
    0x0, 0x0, 0x0, 0x0, 0x0, 0x0, 0x0, 0x0,
    0x4, 0x87, 0x0, 0x7, 0xff, 0xfd, 0x0, 0xef,
    0xff, 0xf4, 0xe, 0xff, 0xff, 0x50, 0x9f, 0xff,
    0xf3, 0x0, 0xcf, 0xfe, 0x0, 0x5f, 0xff, 0x60,
    0x4f, 0xff, 0x90, 0x5, 0xff, 0x70, 0x0, 0x3,
    0x10, 0x0, 0x0,

    /* U+003C "<" */
    0x0, 0x0, 0x0, 0x0, 0x3, 0x30, 0x0, 0x0,
    0x0, 0x4, 0xbf, 0xff, 0xe1, 0x0, 0x0, 0x2c,
    0xff, 0xff, 0xff, 0x50, 0x0, 0x6f, 0xff, 0xff,
    0xff, 0xf2, 0x0, 0x8f, 0xff, 0xff, 0xff, 0xf7,
    0x0, 0x8f, 0xff, 0xff, 0xff, 0xb4, 0x0, 0x2f,
    0xff, 0xff, 0xa6, 0x10, 0x0, 0x1, 0xff, 0xff,
    0xfe, 0xa5, 0x0, 0x0, 0x4, 0xff, 0xff, 0xff,
    0xff, 0x70, 0x0, 0x4, 0xff, 0xff, 0xff, 0xff,
    0xb0, 0x0, 0x3, 0xdf, 0xff, 0xff, 0xff, 0x30,
    0x0, 0x0, 0x8f, 0xff, 0xff, 0xf5, 0x0, 0x0,
    0x0, 0x17, 0xcf, 0xfa, 0x0,

    /* U+003D "=" */
    0x8, 0xff, 0xff, 0xff, 0xff, 0xfb, 0x3, 0xff,
    0xff, 0xff, 0xff, 0xff, 0xf6, 0x3f, 0xff, 0xff,
    0xff, 0xff, 0xff, 0x60, 0xaf, 0xff, 0xff, 0xff,
    0xff, 0xc1, 0x0, 0x1, 0x11, 0x11, 0x11, 0x0,
    0x0, 0x0, 0x11, 0x11, 0x11, 0x10, 0x0, 0xa,
    0xff, 0xff, 0xff, 0xff, 0xfc, 0x13, 0xff, 0xff,
    0xff, 0xff, 0xff, 0xf6, 0x3f, 0xff, 0xff, 0xff,
    0xff, 0xff, 0x60, 0x8f, 0xff, 0xff, 0xff, 0xff,
    0xb0,

    /* U+003E ">" */
    0x0, 0x33, 0x0, 0x0, 0x0, 0x0, 0x0, 0xdf,
    0xff, 0xb4, 0x0, 0x0, 0x0, 0x4f, 0xff, 0xff,
    0xfc, 0x20, 0x0, 0x1, 0xff, 0xff, 0xff, 0xff,
    0x70, 0x0, 0x5, 0xff, 0xff, 0xff, 0xff, 0x90,
    0x0, 0x3, 0xbf, 0xff, 0xff, 0xff, 0x90, 0x0,
    0x0, 0x16, 0xaf, 0xff, 0xff, 0x30, 0x0, 0x5,
    0xae, 0xff, 0xff, 0xf2, 0x0, 0x7f, 0xff, 0xff,
    0xff, 0xf5, 0x0, 0x9f, 0xff, 0xff, 0xff, 0xf5,
    0x0, 0x2f, 0xff, 0xff, 0xff, 0xd3, 0x0, 0x3,
    0xff, 0xff, 0xff, 0x90, 0x0, 0x0, 0xa, 0xff,
    0xc7, 0x10, 0x0, 0x0, 0x0,

    /* U+003F "?" */
    0x0, 0x18, 0xce, 0xff, 0xec, 0x71, 0x0, 0x4,
    0xff, 0xff, 0xff, 0xff, 0xff, 0x40, 0xf, 0xff,
    0xff, 0xff, 0xff, 0xff, 0xe0, 0x4f, 0xff, 0xff,
    0xff, 0xff, 0xff, 0xf3, 0x4f, 0xff, 0xff, 0xff,
    0xff, 0xff, 0xf3, 0x1f, 0xff, 0xff, 0xff, 0xff,
    0xff, 0xe0, 0x5, 0xff, 0xfa, 0x16, 0xff, 0xff,
    0x40, 0x0, 0x2, 0x10, 0x4e, 0xff, 0xf6, 0x0,
    0x0, 0x0, 0x7, 0xff, 0xff, 0x40, 0x0, 0x0,
    0x0, 0x5f, 0xff, 0xf4, 0x0, 0x0, 0x0, 0x0,
    0x8f, 0xff, 0xe0, 0x0, 0x0, 0x0, 0x0, 0x9,
    0xba, 0x30, 0x0, 0x0, 0x0, 0x0, 0x1, 0x32,
    0x0, 0x0, 0x0, 0x0, 0x0, 0x5f, 0xff, 0xc1,
    0x0, 0x0, 0x0, 0x1, 0xff, 0xff, 0xf9, 0x0,
    0x0, 0x0, 0x4, 0xff, 0xff, 0xfd, 0x0, 0x0,
    0x0, 0x3, 0xff, 0xff, 0xfc, 0x0, 0x0, 0x0,
    0x0, 0xdf, 0xff, 0xf7, 0x0, 0x0, 0x0, 0x0,
    0x2b, 0xfe, 0x70, 0x0, 0x0,

    /* U+0040 "@" */
    0x0, 0x0, 0x0, 0x1, 0x6a, 0xde, 0xfe, 0xda,
    0x50, 0x0, 0x0, 0x0, 0x0, 0x0, 0x2, 0xaf,
    0xff, 0xff, 0xff, 0xff, 0xfe, 0x80, 0x0, 0x0,
    0x0, 0x0, 0x5f, 0xff, 0xff, 0xff, 0xff, 0xff,
    0xff, 0xfd, 0x20, 0x0, 0x0, 0x6, 0xff, 0xff,
    0xfc, 0x86, 0x56, 0x8b, 0xff, 0xff, 0xe1, 0x0,
    0x0, 0x4f, 0xff, 0xfa, 0x20, 0x0, 0x0, 0x0,
    0x1a, 0xff, 0xfc, 0x0, 0x0, 0xdf, 0xff, 0x60,
    0x7e, 0xfc, 0x26, 0xfe, 0x40, 0x8f, 0xff, 0x50,
    0x6, 0xff, 0xf8, 0x7, 0xff, 0xff, 0xdf, 0xff,
    0xc0, 0xd, 0xff, 0xb0, 0xb, 0xff, 0xe0, 0xe,
    0xff, 0xff, 0xff, 0xff, 0xe0, 0x7, 0xff, 0xf0,
    0xf, 0xff, 0x80, 0x3f, 0xff, 0xf6, 0xef, 0xff,
    0xe0, 0x3, 0xff, 0xf2, 0x2f, 0xff, 0x40, 0x5f,
    0xff, 0xd0, 0x9f, 0xff, 0xe0, 0x2, 0xff, 0xf3,
    0x3f, 0xff, 0x20, 0x5f, 0xff, 0xd0, 0x9f, 0xff,
    0xe0, 0x3, 0xff, 0xf2, 0x4f, 0xff, 0x20, 0x4f,
    0xff, 0xf3, 0xdf, 0xff, 0xf1, 0x9, 0xff, 0xf0,
    0x2f, 0xff, 0x30, 0x1f, 0xff, 0xff, 0xff, 0xff,
    0xfd, 0xbf, 0xff, 0xb0, 0x1f, 0xff, 0x60, 0xb,
    0xff, 0xff, 0xfe, 0xff, 0xff, 0xff, 0xff, 0x30,
    0xc, 0xff, 0xc0, 0x2, 0xff, 0xff, 0xf7, 0x8f,
    0xff, 0xff, 0xf7, 0x0, 0x8, 0xff, 0xf5, 0x0,
    0x3c, 0xfe, 0x80, 0x7, 0xdf, 0xeb, 0x40, 0x0,
    0x1, 0xff, 0xfe, 0x20, 0x0, 0x0, 0x0, 0x0,
    0x0, 0x0, 0x0, 0x0, 0x0, 0x7f, 0xff, 0xe5,
    0x0, 0x0, 0x0, 0x0, 0x0, 0x0, 0x0, 0x0,
    0x0, 0xb, 0xff, 0xff, 0xc6, 0x31, 0x1, 0x36,
    0xac, 0x40, 0x0, 0x0, 0x0, 0x0, 0xaf, 0xff,
    0xff, 0xff, 0xff, 0xff, 0xff, 0xd0, 0x0, 0x0,
    0x0, 0x0, 0x6, 0xef, 0xff, 0xff, 0xff, 0xff,
    0xff, 0xa0, 0x0, 0x0, 0x0, 0x0, 0x0, 0x7,
    0xbf, 0xff, 0xff, 0xff, 0xe8, 0x0, 0x0, 0x0,
    0x0, 0x0, 0x0, 0x0, 0x0, 0x24, 0x54, 0x31,
    0x0, 0x0, 0x0, 0x0,

    /* U+0041 "A" */
    0x0, 0x0, 0x1, 0x8d, 0xff, 0xd9, 0x10, 0x0,
    0x0, 0x0, 0x0, 0x3f, 0xff, 0xff, 0xff, 0xe4,
    0x0, 0x0, 0x0, 0x1, 0xef, 0xff, 0xff, 0xff,
    0xfe, 0x10, 0x0, 0x0, 0x8, 0xff, 0xff, 0xff,
    0xff, 0xff, 0x90, 0x0, 0x0, 0x1f, 0xff, 0xff,
    0xff, 0xff, 0xff, 0xf1, 0x0, 0x0, 0x7f, 0xff,
    0xff, 0xff, 0xff, 0xff, 0xf8, 0x0, 0x0, 0xdf,
    0xff, 0xff, 0xba, 0xff, 0xff, 0xfe, 0x0, 0x3,
    0xff, 0xff, 0xff, 0x0, 0xff, 0xff, 0xff, 0x40,
    0x8, 0xff, 0xff, 0xfd, 0x0, 0xcf, 0xff, 0xff,
    0x90, 0xc, 0xff, 0xff, 0xfd, 0x33, 0xcf, 0xff,
    0xff, 0xd0, 0x1f, 0xff, 0xff, 0xff, 0xff, 0xff,
    0xff, 0xff, 0xf1, 0x4f, 0xff, 0xff, 0xff, 0xff,
    0xff, 0xff, 0xff, 0xf5, 0x6f, 0xff, 0xff, 0xff,
    0xff, 0xff, 0xff, 0xff, 0xf7, 0x8f, 0xff, 0xff,
    0xff, 0xff, 0xff, 0xff, 0xff, 0xf9, 0x9f, 0xff,
    0xff, 0xff, 0xff, 0xff, 0xff, 0xff, 0xf9, 0x7f,
    0xff, 0xff, 0xfd, 0x0, 0xbf, 0xff, 0xff, 0xf8,
    0x5f, 0xff, 0xff, 0xfa, 0x0, 0x9f, 0xff, 0xff,
    0xf6, 0xd, 0xff, 0xff, 0xf3, 0x0, 0x2f, 0xff,
    0xff, 0xe1, 0x2, 0xae, 0xfd, 0x50, 0x0, 0x3,
    0xcf, 0xfb, 0x20,

    /* U+0042 "B" */
    0x0, 0x6, 0xbd, 0xff, 0xff, 0xdb, 0x61, 0x0,
    0x0, 0x1d, 0xff, 0xff, 0xff, 0xff, 0xff, 0xf8,
    0x0, 0x8, 0xff, 0xff, 0xff, 0xff, 0xff, 0xff,
    0xf9, 0x0, 0xdf, 0xff, 0xff, 0xfe, 0xff, 0xff,
    0xff, 0xf2, 0xf, 0xff, 0xff, 0xf7, 0x6, 0xff,
    0xff, 0xff, 0x61, 0xff, 0xff, 0xff, 0x50, 0x1f,
    0xff, 0xff, 0xf6, 0x2f, 0xff, 0xff, 0xf8, 0x8,
    0xff, 0xff, 0xff, 0x43, 0xff, 0xff, 0xff, 0xff,
    0xff, 0xff, 0xff, 0xc0, 0x3f, 0xff, 0xff, 0xff,
    0xff, 0xff, 0xff, 0x70, 0x4, 0xff, 0xff, 0xff,
    0xff, 0xff, 0xff, 0xfb, 0x10, 0x3f, 0xff, 0xff,
    0xfc, 0x6d, 0xff, 0xff, 0xfd, 0x3, 0xff, 0xff,
    0xff, 0x60, 0x4f, 0xff, 0xff, 0xf4, 0x2f, 0xff,
    0xff, 0xf5, 0x1, 0xff, 0xff, 0xff, 0x61, 0xff,
    0xff, 0xff, 0x60, 0x3f, 0xff, 0xff, 0xf6, 0xf,
    0xff, 0xff, 0xfa, 0x3c, 0xff, 0xff, 0xff, 0x40,
    0xcf, 0xff, 0xff, 0xff, 0xff, 0xff, 0xff, 0xe0,
    0x8, 0xff, 0xff, 0xff, 0xff, 0xff, 0xff, 0xf5,
    0x0, 0x1d, 0xff, 0xff, 0xff, 0xff, 0xff, 0xe4,
    0x0, 0x0, 0x6, 0xbd, 0xff, 0xfe, 0xda, 0x50,
    0x0, 0x0,

    /* U+0043 "C" */
    0x0, 0x0, 0x0, 0x5a, 0xde, 0xfe, 0xc9, 0x30,
    0x0, 0x0, 0x0, 0x5e, 0xff, 0xff, 0xff, 0xff,
    0xf9, 0x0, 0x0, 0x8, 0xff, 0xff, 0xff, 0xff,
    0xff, 0xff, 0x80, 0x0, 0x7f, 0xff, 0xff, 0xff,
    0xff, 0xff, 0xff, 0xf0, 0x1, 0xff, 0xff, 0xff,
    0xff, 0xff, 0xff, 0xff, 0xf3, 0x9, 0xff, 0xff,
    0xff, 0xff, 0xff, 0xff, 0xff, 0xf3, 0xe, 0xff,
    0xff, 0xff, 0xff, 0xff, 0xff, 0xff, 0xf1, 0x1f,
    0xff, 0xff, 0xff, 0xff, 0xff, 0xff, 0xff, 0x80,
    0x3f, 0xff, 0xff, 0xff, 0xd6, 0x69, 0xbd, 0xc7,
    0x0, 0x4f, 0xff, 0xff, 0xff, 0x60, 0x0, 0x0,
    0x0, 0x0, 0x3f, 0xff, 0xff, 0xff, 0xd6, 0x69,
    0xce, 0xd7, 0x0, 0x1f, 0xff, 0xff, 0xff, 0xff,
    0xff, 0xff, 0xff, 0x80, 0xe, 0xff, 0xff, 0xff,
    0xff, 0xff, 0xff, 0xff, 0xf1, 0x9, 0xff, 0xff,
    0xff, 0xff, 0xff, 0xff, 0xff, 0xf3, 0x1, 0xff,
    0xff, 0xff, 0xff, 0xff, 0xff, 0xff, 0xf3, 0x0,
    0x7f, 0xff, 0xff, 0xff, 0xff, 0xff, 0xff, 0xf0,
    0x0, 0x8, 0xff, 0xff, 0xff, 0xff, 0xff, 0xff,
    0x80, 0x0, 0x0, 0x5e, 0xff, 0xff, 0xff, 0xff,
    0xf9, 0x0, 0x0, 0x0, 0x0, 0x5a, 0xdf, 0xfe,
    0xc9, 0x30, 0x0,

    /* U+0044 "D" */
    0x0, 0x19, 0xdf, 0xff, 0xec, 0x94, 0x0, 0x0,
    0x0, 0x1, 0xef, 0xff, 0xff, 0xff, 0xff, 0xe6,
    0x0, 0x0, 0x8, 0xff, 0xff, 0xff, 0xff, 0xff,
    0xff, 0xb0, 0x0, 0xd, 0xff, 0xff, 0xff, 0xff,
    0xff, 0xff, 0xfa, 0x0, 0xf, 0xff, 0xff, 0xff,
    0xff, 0xff, 0xff, 0xff, 0x40, 0x1f, 0xff, 0xff,
    0xff, 0xff, 0xff, 0xff, 0xff, 0xb0, 0x2f, 0xff,
    0xff, 0xff, 0x9a, 0xff, 0xff, 0xff, 0xf0, 0x3f,
    0xff, 0xff, 0xfc, 0x0, 0x9f, 0xff, 0xff, 0xf4,
    0x3f, 0xff, 0xff, 0xfa, 0x0, 0x3f, 0xff, 0xff,
    0xf5, 0x4f, 0xff, 0xff, 0xfa, 0x0, 0x1f, 0xff,
    0xff, 0xf6, 0x3f, 0xff, 0xff, 0xfa, 0x0, 0x3f,
    0xff, 0xff, 0xf5, 0x3f, 0xff, 0xff, 0xfc, 0x0,
    0x9f, 0xff, 0xff, 0xf4, 0x2f, 0xff, 0xff, 0xff,
    0x9b, 0xff, 0xff, 0xff, 0xf0, 0x1f, 0xff, 0xff,
    0xff, 0xff, 0xff, 0xff, 0xff, 0xb0, 0xf, 0xff,
    0xff, 0xff, 0xff, 0xff, 0xff, 0xff, 0x40, 0xd,
    0xff, 0xff, 0xff, 0xff, 0xff, 0xff, 0xfa, 0x0,
    0x8, 0xff, 0xff, 0xff, 0xff, 0xff, 0xff, 0xb0,
    0x0, 0x1, 0xef, 0xff, 0xff, 0xff, 0xff, 0xe6,
    0x0, 0x0, 0x0, 0x19, 0xdf, 0xff, 0xec, 0x94,
    0x0, 0x0, 0x0,

    /* U+0045 "E" */
    0x0, 0x3, 0x8c, 0xef, 0xff, 0xed, 0xa6, 0x0,
    0x0, 0x8f, 0xff, 0xff, 0xff, 0xff, 0xff, 0xe2,
    0x5, 0xff, 0xff, 0xff, 0xff, 0xff, 0xff, 0xfb,
    0xc, 0xff, 0xff, 0xff, 0xff, 0xff, 0xff, 0xfe,
    0xf, 0xff, 0xff, 0xff, 0xff, 0xff, 0xff, 0xfb,
    0x1f, 0xff, 0xff, 0xff, 0x88, 0xbd, 0xff, 0xc1,
    0x2f, 0xff, 0xff, 0xfd, 0x0, 0x23, 0x10, 0x0,
    0x3f, 0xff, 0xff, 0xff, 0xff, 0xff, 0xf9, 0x0,
    0x4f, 0xff, 0xff, 0xff, 0xff, 0xff, 0xff, 0x30,
    0x4f, 0xff, 0xff, 0xff, 0xff, 0xff, 0xff, 0x50,
    0x4f, 0xff, 0xff, 0xff, 0xff, 0xff, 0xff, 0x20,
    0x3f, 0xff, 0xff, 0xff, 0xbc, 0xef, 0xe6, 0x0,
    0x2f, 0xff, 0xff, 0xfc, 0x0, 0x0, 0x0, 0x0,
    0x1f, 0xff, 0xff, 0xff, 0x89, 0xce, 0xff, 0xd2,
    0xf, 0xff, 0xff, 0xff, 0xff, 0xff, 0xff, 0xfb,
    0xc, 0xff, 0xff, 0xff, 0xff, 0xff, 0xff, 0xfe,
    0x5, 0xff, 0xff, 0xff, 0xff, 0xff, 0xff, 0xfb,
    0x0, 0x8f, 0xff, 0xff, 0xff, 0xff, 0xff, 0xd2,
    0x0, 0x2, 0x8c, 0xef, 0xff, 0xed, 0xa6, 0x0,

    /* U+0046 "F" */
    0x0, 0x3, 0x8c, 0xef, 0xff, 0xed, 0xa6, 0x0,
    0x0, 0x8f, 0xff, 0xff, 0xff, 0xff, 0xff, 0xe2,
    0x5, 0xff, 0xff, 0xff, 0xff, 0xff, 0xff, 0xfb,
    0xc, 0xff, 0xff, 0xff, 0xff, 0xff, 0xff, 0xfe,
    0xf, 0xff, 0xff, 0xff, 0xff, 0xff, 0xff, 0xfa,
    0x1f, 0xff, 0xff, 0xff, 0x98, 0xbd, 0xee, 0xb1,
    0x2f, 0xff, 0xff, 0xfc, 0x0, 0x0, 0x0, 0x0,
    0x3f, 0xff, 0xff, 0xff, 0xcc, 0xef, 0xd6, 0x0,
    0x4f, 0xff, 0xff, 0xff, 0xff, 0xff, 0xff, 0x20,
    0x4f, 0xff, 0xff, 0xff, 0xff, 0xff, 0xff, 0x50,
    0x4f, 0xff, 0xff, 0xff, 0xff, 0xff, 0xff, 0x30,
    0x3f, 0xff, 0xff, 0xff, 0xff, 0xff, 0xf9, 0x0,
    0x2f, 0xff, 0xff, 0xff, 0x11, 0x23, 0x10, 0x0,
    0x1f, 0xff, 0xff, 0xff, 0x0, 0x0, 0x0, 0x0,
    0xf, 0xff, 0xff, 0xff, 0x20, 0x0, 0x0, 0x0,
    0xd, 0xff, 0xff, 0xff, 0x40, 0x0, 0x0, 0x0,
    0x9, 0xff, 0xff, 0xff, 0x20, 0x0, 0x0, 0x0,
    0x2, 0xff, 0xff, 0xfd, 0x0, 0x0, 0x0, 0x0,
    0x0, 0x3c, 0xfe, 0xa2, 0x0, 0x0, 0x0, 0x0,

    /* U+0047 "G" */
    0x0, 0x0, 0x0, 0x5a, 0xde, 0xff, 0xd9, 0x40,
    0x0, 0x0, 0x0, 0x5e, 0xff, 0xff, 0xff, 0xff,
    0xfc, 0x10, 0x0, 0x8, 0xff, 0xff, 0xff, 0xff,
    0xff, 0xff, 0xb0, 0x0, 0x6f, 0xff, 0xff, 0xff,
    0xff, 0xff, 0xff, 0xf2, 0x1, 0xff, 0xff, 0xff,
    0xff, 0xff, 0xff, 0xff, 0xf4, 0x8, 0xff, 0xff,
    0xff, 0xff, 0xff, 0xff, 0xff, 0xf2, 0xd, 0xff,
    0xff, 0xff, 0xff, 0xff, 0xff, 0xff, 0xc0, 0x1f,
    0xff, 0xff, 0xff, 0xf9, 0x78, 0xce, 0xd9, 0x10,
    0x3f, 0xff, 0xff, 0xff, 0x70, 0x1a, 0xef, 0xd8,
    0x10, 0x4f, 0xff, 0xff, 0xff, 0x30, 0xdf, 0xff,
    0xff, 0xd0, 0x4f, 0xff, 0xff, 0xff, 0x30, 0xff,
    0xff, 0xff, 0xf8, 0x2f, 0xff, 0xff, 0xff, 0x60,
    0xbf, 0xff, 0xff, 0xfc, 0xf, 0xff, 0xff, 0xff,
    0xe2, 0x6, 0xdf, 0xff, 0xfe, 0xa, 0xff, 0xff,
    0xff, 0xff, 0x97, 0xcf, 0xff, 0xff, 0x3, 0xff,
    0xff, 0xff, 0xff, 0xff, 0xff, 0xff, 0xff, 0x0,
    0xaf, 0xff, 0xff, 0xff, 0xff, 0xff, 0xff, 0xfe,
    0x0, 0x1d, 0xff, 0xff, 0xff, 0xff, 0xfb, 0xff,
    0xfc, 0x0, 0x0, 0xaf, 0xff, 0xff, 0xff, 0x74,
    0xff, 0xf8, 0x0, 0x0, 0x3, 0x9d, 0xff, 0xc5,
    0x0, 0xaf, 0xb0,

    /* U+0048 "H" */
    0x0, 0x3c, 0xfe, 0x80, 0x0, 0x0, 0x6d, 0xfd,
    0x50, 0x0, 0x2f, 0xff, 0xff, 0xa0, 0x0, 0x6f,
    0xff, 0xff, 0x50, 0x9, 0xff, 0xff, 0xff, 0x20,
    0xd, 0xff, 0xff, 0xfd, 0x0, 0xdf, 0xff, 0xff,
    0xf6, 0x2, 0xff, 0xff, 0xff, 0xf2, 0xf, 0xff,
    0xff, 0xff, 0x80, 0x4f, 0xff, 0xff, 0xff, 0x41,
    0xff, 0xff, 0xff, 0xff, 0xff, 0xff, 0xff, 0xff,
    0xf6, 0x2f, 0xff, 0xff, 0xff, 0xff, 0xff, 0xff,
    0xff, 0xff, 0x73, 0xff, 0xff, 0xff, 0xff, 0xff,
    0xff, 0xff, 0xff, 0xf7, 0x3f, 0xff, 0xff, 0xff,
    0xff, 0xff, 0xff, 0xff, 0xff, 0x84, 0xff, 0xff,
    0xff, 0xff, 0xff, 0xff, 0xff, 0xff, 0xf8, 0x3f,
    0xff, 0xff, 0xff, 0xff, 0xff, 0xff, 0xff, 0xff,
    0x83, 0xff, 0xff, 0xff, 0xff, 0xff, 0xff, 0xff,
    0xff, 0xf7, 0x2f, 0xff, 0xff, 0xff, 0xff, 0xff,
    0xff, 0xff, 0xff, 0x71, 0xff, 0xff, 0xff, 0xfa,
    0x37, 0xff, 0xff, 0xff, 0xf6, 0xf, 0xff, 0xff,
    0xff, 0x70, 0x3f, 0xff, 0xff, 0xff, 0x40, 0xdf,
    0xff, 0xff, 0xf5, 0x0, 0xff, 0xff, 0xff, 0xf2,
    0x9, 0xff, 0xff, 0xff, 0x0, 0xb, 0xff, 0xff,
    0xfd, 0x0, 0x2f, 0xff, 0xff, 0x80, 0x0, 0x4f,
    0xff, 0xff, 0x50, 0x0, 0x3c, 0xfd, 0x70, 0x0,
    0x0, 0x5d, 0xfd, 0x50, 0x0,

    /* U+0049 "I" */
    0x0, 0x3c, 0xfe, 0x80, 0x0, 0x2f, 0xff, 0xff,
    0x80, 0x9, 0xff, 0xff, 0xff, 0x10, 0xdf, 0xff,
    0xff, 0xf5, 0xf, 0xff, 0xff, 0xff, 0x71, 0xff,
    0xff, 0xff, 0xf9, 0x2f, 0xff, 0xff, 0xff, 0xa3,
    0xff, 0xff, 0xff, 0xfa, 0x3f, 0xff, 0xff, 0xff,
    0xb4, 0xff, 0xff, 0xff, 0xfb, 0x3f, 0xff, 0xff,
    0xff, 0xb3, 0xff, 0xff, 0xff, 0xfa, 0x2f, 0xff,
    0xff, 0xff, 0xa1, 0xff, 0xff, 0xff, 0xf9, 0xf,
    0xff, 0xff, 0xff, 0x70, 0xdf, 0xff, 0xff, 0xf5,
    0x9, 0xff, 0xff, 0xff, 0x10, 0x2f, 0xff, 0xff,
    0x80, 0x0, 0x3c, 0xfe, 0x80, 0x0,

    /* U+004A "J" */
    0x0, 0x0, 0x0, 0x0, 0x0, 0x8, 0xdf, 0xe8,
    0x0, 0x0, 0x0, 0x0, 0x0, 0x0, 0x9f, 0xff,
    0xff, 0xa0, 0x0, 0x0, 0x0, 0x0, 0x1, 0xff,
    0xff, 0xff, 0xf2, 0x0, 0x0, 0x0, 0x0, 0x3,
    0xff, 0xff, 0xff, 0xf7, 0x0, 0x0, 0x0, 0x0,
    0x5, 0xff, 0xff, 0xff, 0xf9, 0x0, 0x0, 0x0,
    0x0, 0x5, 0xff, 0xff, 0xff, 0xfb, 0x0, 0x0,
    0x0, 0x0, 0x5, 0xff, 0xff, 0xff, 0xfc, 0x0,
    0x6d, 0xfe, 0x90, 0x4, 0xff, 0xff, 0xff, 0xfd,
    0x6, 0xff, 0xff, 0xf8, 0x3, 0xff, 0xff, 0xff,
    0xfd, 0xe, 0xff, 0xff, 0xfe, 0x2, 0xff, 0xff,
    0xff, 0xfc, 0x2f, 0xff, 0xff, 0xff, 0x12, 0xff,
    0xff, 0xff, 0xfb, 0x4f, 0xff, 0xff, 0xff, 0x34,
    0xff, 0xff, 0xff, 0xf9, 0x3f, 0xff, 0xff, 0xff,
    0xde, 0xff, 0xff, 0xff, 0xf6, 0x1f, 0xff, 0xff,
    0xff, 0xff, 0xff, 0xff, 0xff, 0xf2, 0xd, 0xff,
    0xff, 0xff, 0xff, 0xff, 0xff, 0xff, 0xd0, 0x5,
    0xff, 0xff, 0xff, 0xff, 0xff, 0xff, 0xff, 0x40,
    0x0, 0x9f, 0xff, 0xff, 0xff, 0xff, 0xff, 0xf8,
    0x0, 0x0, 0x7, 0xff, 0xff, 0xff, 0xff, 0xff,
    0x60, 0x0, 0x0, 0x0, 0x17, 0xbe, 0xff, 0xeb,
    0x60, 0x0, 0x0,

    /* U+004B "K" */
    0x0, 0x3b, 0xef, 0xb1, 0x0, 0x4, 0xbf, 0xeb,
    0x20, 0x2, 0xff, 0xff, 0xfb, 0x0, 0x8f, 0xff,
    0xff, 0xc0, 0x9, 0xff, 0xff, 0xff, 0x5, 0xff,
    0xff, 0xff, 0xf0, 0xd, 0xff, 0xff, 0xff, 0x3f,
    0xff, 0xff, 0xff, 0xf0, 0xf, 0xff, 0xff, 0xff,
    0x9f, 0xff, 0xff, 0xff, 0xc0, 0x1f, 0xff, 0xff,
    0xff, 0xff, 0xff, 0xff, 0xff, 0x50, 0x2f, 0xff,
    0xff, 0xff, 0xff, 0xff, 0xff, 0xf9, 0x0, 0x3f,
    0xff, 0xff, 0xff, 0xff, 0xff, 0xfe, 0x60, 0x0,
    0x3f, 0xff, 0xff, 0xff, 0xff, 0xf9, 0x50, 0x0,
    0x0, 0x4f, 0xff, 0xff, 0xff, 0xff, 0xff, 0xd7,
    0x10, 0x0, 0x3f, 0xff, 0xff, 0xff, 0xff, 0xff,
    0xff, 0xe4, 0x0, 0x3f, 0xff, 0xff, 0xff, 0xff,
    0xff, 0xff, 0xff, 0x40, 0x2f, 0xff, 0xff, 0xff,
    0xff, 0xff, 0xff, 0xff, 0xe0, 0x1f, 0xff, 0xff,
    0xff, 0xdf, 0xff, 0xff, 0xff, 0xf4, 0xf, 0xff,
    0xff, 0xff, 0x6f, 0xff, 0xff, 0xff, 0xf7, 0xd,
    0xff, 0xff, 0xff, 0x1c, 0xff, 0xff, 0xff, 0xf7,
    0x9, 0xff, 0xff, 0xfe, 0x2, 0xff, 0xff, 0xff,
    0xf5, 0x2, 0xff, 0xff, 0xf7, 0x0, 0x4f, 0xff,
    0xff, 0xe0, 0x0, 0x3c, 0xfe, 0x80, 0x0, 0x2,
    0xae, 0xfb, 0x20,

    /* U+004C "L" */
    0x0, 0x3c, 0xfe, 0xb2, 0x0, 0x0, 0x0, 0x0,
    0x2, 0xff, 0xff, 0xfe, 0x10, 0x0, 0x0, 0x0,
    0x9, 0xff, 0xff, 0xff, 0x70, 0x0, 0x0, 0x0,
    0xd, 0xff, 0xff, 0xff, 0x90, 0x0, 0x0, 0x0,
    0xf, 0xff, 0xff, 0xff, 0x80, 0x0, 0x0, 0x0,
    0x1f, 0xff, 0xff, 0xff, 0x60, 0x0, 0x0, 0x0,
    0x2f, 0xff, 0xff, 0xff, 0x40, 0x0, 0x0, 0x0,
    0x3f, 0xff, 0xff, 0xff, 0x10, 0x0, 0x0, 0x0,
    0x4f, 0xff, 0xff, 0xfe, 0x0, 0x0, 0x0, 0x0,
    0x4f, 0xff, 0xff, 0xfd, 0x0, 0x0, 0x0, 0x0,
    0x4f, 0xff, 0xff, 0xfc, 0x0, 0x0, 0x0, 0x0,
    0x3f, 0xff, 0xff, 0xfd, 0x0, 0x15, 0x76, 0x20,
    0x2f, 0xff, 0xff, 0xff, 0xcc, 0xff, 0xff, 0xf3,
    0x1f, 0xff, 0xff, 0xff, 0xff, 0xff, 0xff, 0xfb,
    0xf, 0xff, 0xff, 0xff, 0xff, 0xff, 0xff, 0xfd,
    0xc, 0xff, 0xff, 0xff, 0xff, 0xff, 0xff, 0xfc,
    0x5, 0xff, 0xff, 0xff, 0xff, 0xff, 0xff, 0xf8,
    0x0, 0x8f, 0xff, 0xff, 0xff, 0xff, 0xff, 0xb0,
    0x0, 0x2, 0x8c, 0xef, 0xff, 0xec, 0x94, 0x0,

    /* U+004D "M" */
    0x0, 0x2b, 0xff, 0xc5, 0x0, 0x0, 0x2, 0x9e,
    0xfd, 0x70, 0x0, 0x1e, 0xff, 0xff, 0xf9, 0x0,
    0x4, 0xff, 0xff, 0xff, 0x60, 0x8, 0xff, 0xff,
    0xff, 0xf7, 0x2, 0xef, 0xff, 0xff, 0xfe, 0x0,
    0xdf, 0xff, 0xff, 0xff, 0xf2, 0xbf, 0xff, 0xff,
    0xff, 0xf4, 0xf, 0xff, 0xff, 0xff, 0xff, 0xbf,
    0xff, 0xff, 0xff, 0xff, 0x62, 0xff, 0xff, 0xff,
    0xff, 0xff, 0xff, 0xff, 0xff, 0xff, 0xf8, 0x3f,
    0xff, 0xff, 0xff, 0xff, 0xff, 0xff, 0xff, 0xff,
    0xff, 0x93, 0xff, 0xff, 0xff, 0xff, 0xff, 0xff,
    0xff, 0xff, 0xff, 0xfa, 0x4f, 0xff, 0xff, 0xff,
    0xff, 0xff, 0xff, 0xff, 0xff, 0xff, 0xa4, 0xff,
    0xff, 0xff, 0x4e, 0xff, 0xff, 0x6b, 0xff, 0xff,
    0xfb, 0x4f, 0xff, 0xff, 0xf0, 0xaf, 0xff, 0xf1,
    0x9f, 0xff, 0xff, 0xb3, 0xff, 0xff, 0xff, 0x28,
    0xff, 0xff, 0xb, 0xff, 0xff, 0xfa, 0x3f, 0xff,
    0xff, 0xf5, 0x5f, 0xff, 0xc0, 0xff, 0xff, 0xff,
    0xa1, 0xff, 0xff, 0xff, 0x90, 0x8c, 0xa2, 0x3f,
    0xff, 0xff, 0xf8, 0xf, 0xff, 0xff, 0xfd, 0x0,
    0x0, 0x7, 0xff, 0xff, 0xff, 0x60, 0xdf, 0xff,
    0xff, 0xf0, 0x0, 0x0, 0x9f, 0xff, 0xff, 0xf3,
    0x8, 0xff, 0xff, 0xff, 0x0, 0x0, 0x9, 0xff,
    0xff, 0xff, 0x0, 0x1e, 0xff, 0xff, 0xb0, 0x0,
    0x0, 0x5f, 0xff, 0xff, 0x70, 0x0, 0x2b, 0xff,
    0xb2, 0x0, 0x0, 0x0, 0x8e, 0xfd, 0x60, 0x0,

    /* U+004E "N" */
    0x0, 0x3c, 0xfe, 0xa1, 0x0, 0x0, 0x2b, 0xfe,
    0xa2, 0x0, 0x2, 0xff, 0xff, 0xfe, 0x20, 0x0,
    0xdf, 0xff, 0xfe, 0x10, 0x8, 0xff, 0xff, 0xff,
    0xd0, 0x4, 0xff, 0xff, 0xff, 0x60, 0xd, 0xff,
    0xff, 0xff, 0xf9, 0x7, 0xff, 0xff, 0xff, 0xb0,
    0xf, 0xff, 0xff, 0xff, 0xff, 0x27, 0xff, 0xff,
    0xff, 0xe0, 0x1f, 0xff, 0xff, 0xff, 0xff, 0xa6,
    0xff, 0xff, 0xff, 0xf0, 0x2f, 0xff, 0xff, 0xff,
    0xff, 0xf5, 0xff, 0xff, 0xff, 0xf0, 0x3f, 0xff,
    0xff, 0xff, 0xff, 0xfb, 0xff, 0xff, 0xff, 0xf1,
    0x3f, 0xff, 0xff, 0xff, 0xff, 0xff, 0xff, 0xff,
    0xff, 0xf1, 0x4f, 0xff, 0xff, 0xff, 0xff, 0xff,
    0xff, 0xff, 0xff, 0xf2, 0x3f, 0xff, 0xff, 0xff,
    0xff, 0xff, 0xff, 0xff, 0xff, 0xf1, 0x3f, 0xff,
    0xff, 0xfe, 0xcf, 0xff, 0xff, 0xff, 0xff, 0xf1,
    0x2f, 0xff, 0xff, 0xff, 0x5f, 0xff, 0xff, 0xff,
    0xff, 0xf0, 0x1f, 0xff, 0xff, 0xff, 0x4c, 0xff,
    0xff, 0xff, 0xff, 0xf0, 0xf, 0xff, 0xff, 0xff,
    0x53, 0xff, 0xff, 0xff, 0xff, 0xe0, 0xd, 0xff,
    0xff, 0xff, 0x50, 0xaf, 0xff, 0xff, 0xff, 0xb0,
    0x8, 0xff, 0xff, 0xff, 0x20, 0x1e, 0xff, 0xff,
    0xff, 0x60, 0x2, 0xef, 0xff, 0xfb, 0x0, 0x3,
    0xff, 0xff, 0xfe, 0x10, 0x0, 0x3b, 0xee, 0xa1,
    0x0, 0x0, 0x2a, 0xee, 0xb2, 0x0,

    /* U+004F "O" */
    0x0, 0x0, 0x0, 0x5a, 0xde, 0xfe, 0xc8, 0x30,
    0x0, 0x0, 0x0, 0x0, 0x5e, 0xff, 0xff, 0xff,
    0xff, 0xfb, 0x10, 0x0, 0x0, 0x8, 0xff, 0xff,
    0xff, 0xff, 0xff, 0xff, 0xe3, 0x0, 0x0, 0x7f,
    0xff, 0xff, 0xff, 0xff, 0xff, 0xff, 0xfe, 0x10,
    0x1, 0xff, 0xff, 0xff, 0xff, 0xff, 0xff, 0xff,
    0xff, 0xa0, 0x9, 0xff, 0xff, 0xff, 0xfb, 0x8e,
    0xff, 0xff, 0xff, 0xf2, 0xe, 0xff, 0xff, 0xff,
    0xb0, 0x2, 0xff, 0xff, 0xff, 0xf7, 0x1f, 0xff,
    0xff, 0xff, 0x60, 0x0, 0xdf, 0xff, 0xff, 0xfb,
    0x3f, 0xff, 0xff, 0xff, 0x50, 0x0, 0xcf, 0xff,
    0xff, 0xfc, 0x4f, 0xff, 0xff, 0xff, 0x80, 0x0,
    0xef, 0xff, 0xff, 0xfd, 0x3f, 0xff, 0xff, 0xff,
    0xf5, 0x2a, 0xff, 0xff, 0xff, 0xfc, 0x1f, 0xff,
    0xff, 0xff, 0xff, 0xff, 0xff, 0xff, 0xff, 0xfb,
    0xe, 0xff, 0xff, 0xff, 0xff, 0xff, 0xff, 0xff,
    0xff, 0xf7, 0x9, 0xff, 0xff, 0xff, 0xff, 0xff,
    0xff, 0xff, 0xff, 0xf2, 0x1, 0xff, 0xff, 0xff,
    0xff, 0xff, 0xff, 0xff, 0xff, 0xa0, 0x0, 0x7f,
    0xff, 0xff, 0xff, 0xff, 0xff, 0xff, 0xfe, 0x10,
    0x0, 0x8, 0xff, 0xff, 0xff, 0xff, 0xff, 0xff,
    0xe3, 0x0, 0x0, 0x0, 0x5e, 0xff, 0xff, 0xff,
    0xff, 0xfb, 0x10, 0x0, 0x0, 0x0, 0x0, 0x5a,
    0xdf, 0xfe, 0xc8, 0x30, 0x0, 0x0,

    /* U+0050 "P" */
    0x0, 0x4, 0x9c, 0xef, 0xff, 0xeb, 0x83, 0x0,
    0x0, 0x0, 0xbf, 0xff, 0xff, 0xff, 0xff, 0xff,
    0xb1, 0x0, 0x7, 0xff, 0xff, 0xff, 0xff, 0xff,
    0xff, 0xfc, 0x0, 0xd, 0xff, 0xff, 0xff, 0xff,
    0xff, 0xff, 0xff, 0x70, 0xf, 0xff, 0xff, 0xff,
    0x66, 0xff, 0xff, 0xff, 0xc0, 0x1f, 0xff, 0xff,
    0xf8, 0x0, 0x8f, 0xff, 0xff, 0xf0, 0x3f, 0xff,
    0xff, 0xf8, 0x0, 0x7f, 0xff, 0xff, 0xf0, 0x3f,
    0xff, 0xff, 0xfe, 0x44, 0xef, 0xff, 0xff, 0xf0,
    0x4f, 0xff, 0xff, 0xff, 0xff, 0xff, 0xff, 0xff,
    0xd0, 0x4f, 0xff, 0xff, 0xff, 0xff, 0xff, 0xff,
    0xff, 0x80, 0x4f, 0xff, 0xff, 0xff, 0xff, 0xff,
    0xff, 0xfe, 0x10, 0x3f, 0xff, 0xff, 0xff, 0xff,
    0xff, 0xff, 0xe3, 0x0, 0x2f, 0xff, 0xff, 0xff,
    0xff, 0xfd, 0xb6, 0x0, 0x0, 0x1f, 0xff, 0xff,
    0xff, 0x80, 0x0, 0x0, 0x0, 0x0, 0xf, 0xff,
    0xff, 0xff, 0x70, 0x0, 0x0, 0x0, 0x0, 0xd,
    0xff, 0xff, 0xff, 0x90, 0x0, 0x0, 0x0, 0x0,
    0x9, 0xff, 0xff, 0xff, 0x90, 0x0, 0x0, 0x0,
    0x0, 0x2, 0xff, 0xff, 0xff, 0x30, 0x0, 0x0,
    0x0, 0x0, 0x0, 0x3c, 0xfe, 0xb4, 0x0, 0x0,
    0x0, 0x0, 0x0,

    /* U+0051 "Q" */
    0x0, 0x0, 0x0, 0x5a, 0xde, 0xfe, 0xc8, 0x30,
    0x0, 0x0, 0x0, 0x0, 0x5e, 0xff, 0xff, 0xff,
    0xff, 0xfb, 0x10, 0x0, 0x0, 0x8, 0xff, 0xff,
    0xff, 0xff, 0xff, 0xff, 0xe3, 0x0, 0x0, 0x7f,
    0xff, 0xff, 0xff, 0xff, 0xff, 0xff, 0xfe, 0x10,
    0x1, 0xff, 0xff, 0xff, 0xff, 0xff, 0xff, 0xff,
    0xff, 0xa0, 0x9, 0xff, 0xff, 0xff, 0xfb, 0x8e,
    0xff, 0xff, 0xff, 0xf2, 0xe, 0xff, 0xff, 0xff,
    0xb0, 0x2, 0xff, 0xff, 0xff, 0xf7, 0x1f, 0xff,
    0xff, 0xff, 0x60, 0x0, 0xdf, 0xff, 0xff, 0xfb,
    0x3f, 0xff, 0xff, 0xff, 0x50, 0x0, 0xcf, 0xff,
    0xff, 0xfc, 0x4f, 0xff, 0xff, 0xff, 0x80, 0x0,
    0xef, 0xff, 0xff, 0xfd, 0x3f, 0xff, 0xff, 0xff,
    0xf5, 0x19, 0xff, 0xff, 0xff, 0xfc, 0x1f, 0xff,
    0xff, 0xff, 0xff, 0xff, 0xff, 0xff, 0xff, 0xfa,
    0xe, 0xff, 0xff, 0xff, 0xff, 0xff, 0xff, 0xff,
    0xff, 0xf7, 0x9, 0xff, 0xff, 0xff, 0xff, 0xff,
    0xff, 0xff, 0xff, 0xf2, 0x1, 0xff, 0xff, 0xff,
    0xff, 0xff, 0xff, 0xff, 0xff, 0xa0, 0x0, 0x7f,
    0xff, 0xff, 0xff, 0xff, 0xff, 0xff, 0xff, 0x10,
    0x0, 0x8, 0xff, 0xff, 0xff, 0xff, 0xff, 0xff,
    0xe4, 0x0, 0x0, 0x0, 0x5e, 0xff, 0xff, 0xff,
    0xff, 0xff, 0xd1, 0x0, 0x0, 0x0, 0x0, 0x5a,
    0xdf, 0xff, 0xff, 0xff, 0xfd, 0x0, 0x0, 0x0,
    0x0, 0x0, 0x0, 0x0, 0xff, 0xff, 0xff, 0x60,
    0x0, 0x0, 0x0, 0x0, 0x0, 0x0, 0xcf, 0xff,
    0xff, 0x80, 0x0, 0x0, 0x0, 0x0, 0x0, 0x0,
    0x6f, 0xff, 0xff, 0x60, 0x0, 0x0, 0x0, 0x0,
    0x0, 0x0, 0xc, 0xff, 0xfc, 0x0, 0x0, 0x0,
    0x0, 0x0, 0x0, 0x0, 0x0, 0x57, 0x50, 0x0,

    /* U+0052 "R" */
    0x0, 0x4, 0x9c, 0xef, 0xff, 0xeb, 0x82, 0x0,
    0x0, 0x0, 0xbf, 0xff, 0xff, 0xff, 0xff, 0xff,
    0xa0, 0x0, 0x7, 0xff, 0xff, 0xff, 0xff, 0xff,
    0xff, 0xfc, 0x0, 0xd, 0xff, 0xff, 0xff, 0xff,
    0xff, 0xff, 0xff, 0x50, 0xf, 0xff, 0xff, 0xff,
    0x66, 0xef, 0xff, 0xff, 0xa0, 0x1f, 0xff, 0xff,
    0xf8, 0x0, 0x8f, 0xff, 0xff, 0xc0, 0x3f, 0xff,
    0xff, 0xf8, 0x0, 0x8f, 0xff, 0xff, 0xc0, 0x3f,
    0xff, 0xff, 0xff, 0x66, 0xef, 0xff, 0xff, 0xa0,
    0x4f, 0xff, 0xff, 0xff, 0xff, 0xff, 0xff, 0xff,
    0x50, 0x4f, 0xff, 0xff, 0xff, 0xff, 0xff, 0xff,
    0xfa, 0x0, 0x4f, 0xff, 0xff, 0xff, 0xff, 0xff,
    0xff, 0xa0, 0x0, 0x3f, 0xff, 0xff, 0xff, 0xff,
    0xff, 0xff, 0xf9, 0x0, 0x2f, 0xff, 0xff, 0xff,
    0x79, 0xff, 0xff, 0xff, 0x60, 0x1f, 0xff, 0xff,
    0xff, 0x47, 0xff, 0xff, 0xff, 0xd0, 0xf, 0xff,
    0xff, 0xff, 0x48, 0xff, 0xff, 0xff, 0xf1, 0xd,
    0xff, 0xff, 0xff, 0x47, 0xff, 0xff, 0xff, 0xf3,
    0x9, 0xff, 0xff, 0xff, 0x35, 0xff, 0xff, 0xff,
    0xf1, 0x2, 0xff, 0xff, 0xfd, 0x0, 0xef, 0xff,
    0xff, 0xa0, 0x0, 0x3c, 0xfe, 0xa2, 0x0, 0x2a,
    0xef, 0xd7, 0x0,

    /* U+0053 "S" */
    0x0, 0x3, 0x9c, 0xef, 0xff, 0xdb, 0x61, 0x0,
    0x0, 0xaf, 0xff, 0xff, 0xff, 0xff, 0xff, 0x50,
    0xa, 0xff, 0xff, 0xff, 0xff, 0xff, 0xff, 0xf2,
    0x1f, 0xff, 0xff, 0xff, 0xff, 0xff, 0xff, 0xf7,
    0x4f, 0xff, 0xff, 0xff, 0xff, 0xff, 0xff, 0xf7,
    0x4f, 0xff, 0xff, 0xff, 0xff, 0xff, 0xff, 0xf4,
    0x1f, 0xff, 0xff, 0xff, 0xff, 0xff, 0xff, 0xd0,
    0x7, 0xff, 0xff, 0xff, 0x20, 0x39, 0xca, 0x20,
    0x0, 0x6e, 0xff, 0xff, 0xb3, 0x0, 0x0, 0x0,
    0x0, 0x0, 0x6c, 0xff, 0xff, 0xc6, 0x0, 0x0,
    0x0, 0x0, 0x0, 0x19, 0xff, 0xff, 0xe7, 0x0,
    0x0, 0x9c, 0xb5, 0x0, 0xff, 0xff, 0xff, 0xa0,
    0xa, 0xff, 0xff, 0xff, 0xff, 0xff, 0xff, 0xf4,
    0x1f, 0xff, 0xff, 0xff, 0xff, 0xff, 0xff, 0xf8,
    0x3f, 0xff, 0xff, 0xff, 0xff, 0xff, 0xff, 0xf8,
    0x3f, 0xff, 0xff, 0xff, 0xff, 0xff, 0xff, 0xf5,
    0xd, 0xff, 0xff, 0xff, 0xff, 0xff, 0xff, 0xd0,
    0x2, 0xdf, 0xff, 0xff, 0xff, 0xff, 0xfd, 0x20,
    0x0, 0x5, 0xad, 0xff, 0xfe, 0xda, 0x50, 0x0,

    /* U+0054 "T" */
    0x0, 0x28, 0xbc, 0xee, 0xff, 0xfe, 0xed, 0xb8,
    0x30, 0x0, 0x7f, 0xff, 0xff, 0xff, 0xff, 0xff,
    0xff, 0xff, 0x80, 0x2f, 0xff, 0xff, 0xff, 0xff,
    0xff, 0xff, 0xff, 0xff, 0x36, 0xff, 0xff, 0xff,
    0xff, 0xff, 0xff, 0xff, 0xff, 0xf7, 0x5f, 0xff,
    0xff, 0xff, 0xff, 0xff, 0xff, 0xff, 0xff, 0x60,
    0xdf, 0xff, 0xff, 0xff, 0xff, 0xff, 0xff, 0xff,
    0xe1, 0x1, 0x8d, 0xff, 0xff, 0xff, 0xff, 0xff,
    0xfd, 0x81, 0x0, 0x0, 0x0, 0x7f, 0xff, 0xff,
    0xff, 0x90, 0x0, 0x0, 0x0, 0x0, 0x7, 0xff,
    0xff, 0xff, 0xf8, 0x0, 0x0, 0x0, 0x0, 0x0,
    0x7f, 0xff, 0xff, 0xff, 0x80, 0x0, 0x0, 0x0,
    0x0, 0x6, 0xff, 0xff, 0xff, 0xf8, 0x0, 0x0,
    0x0, 0x0, 0x0, 0x6f, 0xff, 0xff, 0xff, 0x70,
    0x0, 0x0, 0x0, 0x0, 0x5, 0xff, 0xff, 0xff,
    0xf7, 0x0, 0x0, 0x0, 0x0, 0x0, 0x4f, 0xff,
    0xff, 0xff, 0x60, 0x0, 0x0, 0x0, 0x0, 0x3,
    0xff, 0xff, 0xff, 0xf4, 0x0, 0x0, 0x0, 0x0,
    0x0, 0x1f, 0xff, 0xff, 0xff, 0x20, 0x0, 0x0,
    0x0, 0x0, 0x0, 0xcf, 0xff, 0xff, 0xd0, 0x0,
    0x0, 0x0, 0x0, 0x0, 0x4, 0xff, 0xff, 0xf5,
    0x0, 0x0, 0x0, 0x0, 0x0, 0x0, 0x5, 0xdf,
    0xd6, 0x0, 0x0, 0x0, 0x0,

    /* U+0055 "U" */
    0x0, 0x3c, 0xff, 0xb3, 0x0, 0x2, 0xbe, 0xfc,
    0x30, 0x0, 0x2f, 0xff, 0xff, 0xf2, 0x1, 0xef,
    0xff, 0xff, 0x30, 0xa, 0xff, 0xff, 0xff, 0x80,
    0x7f, 0xff, 0xff, 0xfc, 0x0, 0xef, 0xff, 0xff,
    0xfb, 0xa, 0xff, 0xff, 0xff, 0xf0, 0x1f, 0xff,
    0xff, 0xff, 0xd0, 0xbf, 0xff, 0xff, 0xff, 0x33,
    0xff, 0xff, 0xff, 0xfd, 0xc, 0xff, 0xff, 0xff,
    0xf4, 0x5f, 0xff, 0xff, 0xff, 0xd0, 0xbf, 0xff,
    0xff, 0xff, 0x65, 0xff, 0xff, 0xff, 0xfc, 0xb,
    0xff, 0xff, 0xff, 0xf6, 0x5f, 0xff, 0xff, 0xff,
    0xb0, 0xaf, 0xff, 0xff, 0xff, 0x64, 0xff, 0xff,
    0xff, 0xfa, 0x9, 0xff, 0xff, 0xff, 0xf6, 0x3f,
    0xff, 0xff, 0xff, 0xa0, 0x9f, 0xff, 0xff, 0xff,
    0x41, 0xff, 0xff, 0xff, 0xfc, 0xb, 0xff, 0xff,
    0xff, 0xf3, 0xe, 0xff, 0xff, 0xff, 0xfb, 0xff,
    0xff, 0xff, 0xff, 0x0, 0xaf, 0xff, 0xff, 0xff,
    0xff, 0xff, 0xff, 0xff, 0xc0, 0x5, 0xff, 0xff,
    0xff, 0xff, 0xff, 0xff, 0xff, 0xf6, 0x0, 0xc,
    0xff, 0xff, 0xff, 0xff, 0xff, 0xff, 0xfd, 0x0,
    0x0, 0x2e, 0xff, 0xff, 0xff, 0xff, 0xff, 0xff,
    0x30, 0x0, 0x0, 0x1b, 0xff, 0xff, 0xff, 0xff,
    0xfc, 0x20, 0x0, 0x0, 0x0, 0x3, 0x9d, 0xff,
    0xfd, 0x94, 0x0, 0x0, 0x0,

    /* U+0056 "V" */
    0x1, 0xaf, 0xeb, 0x30, 0x0, 0x0, 0x4, 0xcf,
    0xea, 0x10, 0xd, 0xff, 0xff, 0xf4, 0x0, 0x0,
    0x5f, 0xff, 0xff, 0xc0, 0x5f, 0xff, 0xff, 0xfe,
    0x0, 0x1, 0xff, 0xff, 0xff, 0xf3, 0x8f, 0xff,
    0xff, 0xff, 0x60, 0x8, 0xff, 0xff, 0xff, 0xf6,
    0x8f, 0xff, 0xff, 0xff, 0xb0, 0xd, 0xff, 0xff,
    0xff, 0xf6, 0x7f, 0xff, 0xff, 0xff, 0xe0, 0xf,
    0xff, 0xff, 0xff, 0xf5, 0x5f, 0xff, 0xff, 0xff,
    0xf1, 0x3f, 0xff, 0xff, 0xff, 0xf3, 0x1f, 0xff,
    0xff, 0xff, 0xf2, 0x5f, 0xff, 0xff, 0xff, 0xf0,
    0xd, 0xff, 0xff, 0xff, 0xf4, 0x6f, 0xff, 0xff,
    0xff, 0xb0, 0x7, 0xff, 0xff, 0xff, 0xf5, 0x8f,
    0xff, 0xff, 0xff, 0x50, 0x1, 0xff, 0xff, 0xff,
    0xf7, 0x9f, 0xff, 0xff, 0xfe, 0x0, 0x0, 0x9f,
    0xff, 0xff, 0xf9, 0xbf, 0xff, 0xff, 0xf7, 0x0,
    0x0, 0x1e, 0xff, 0xff, 0xfe, 0xff, 0xff, 0xff,
    0xd0, 0x0, 0x0, 0x6, 0xff, 0xff, 0xff, 0xff,
    0xff, 0xff, 0x40, 0x0, 0x0, 0x0, 0xbf, 0xff,
    0xff, 0xff, 0xff, 0xf9, 0x0, 0x0, 0x0, 0x0,
    0x1d, 0xff, 0xff, 0xff, 0xff, 0xc0, 0x0, 0x0,
    0x0, 0x0, 0x2, 0xef, 0xff, 0xff, 0xfd, 0x10,
    0x0, 0x0, 0x0, 0x0, 0x0, 0x2d, 0xff, 0xff,
    0xc1, 0x0, 0x0, 0x0, 0x0, 0x0, 0x0, 0x0,
    0x8e, 0xe7, 0x0, 0x0, 0x0, 0x0,

    /* U+0057 "W" */
    0x0, 0x3c, 0xff, 0xc3, 0x0, 0x6, 0xef, 0xd4,
    0x0, 0x5, 0xcf, 0xfb, 0x20, 0x0, 0x4f, 0xff,
    0xff, 0xf2, 0x3, 0xff, 0xff, 0xf1, 0x4, 0xff,
    0xff, 0xff, 0x20, 0xd, 0xff, 0xff, 0xff, 0x90,
    0x8f, 0xff, 0xff, 0x50, 0xbf, 0xff, 0xff, 0xfb,
    0x2, 0xff, 0xff, 0xff, 0xfc, 0xa, 0xff, 0xff,
    0xf7, 0xe, 0xff, 0xff, 0xff, 0xf0, 0x5f, 0xff,
    0xff, 0xff, 0xd0, 0xbf, 0xff, 0xff, 0x80, 0xff,
    0xff, 0xff, 0xff, 0x27, 0xff, 0xff, 0xff, 0xfe,
    0xb, 0xff, 0xff, 0xf8, 0xf, 0xff, 0xff, 0xff,
    0xf4, 0x7f, 0xff, 0xff, 0xff, 0xd0, 0xaf, 0xff,
    0xff, 0x70, 0xff, 0xff, 0xff, 0xff, 0x47, 0xff,
    0xff, 0xff, 0xfc, 0x8, 0xff, 0xff, 0xf6, 0xf,
    0xff, 0xff, 0xff, 0xf4, 0x6f, 0xff, 0xff, 0xff,
    0xb0, 0x8f, 0xff, 0xff, 0x50, 0xef, 0xff, 0xff,
    0xff, 0x35, 0xff, 0xff, 0xff, 0xfb, 0x8, 0xff,
    0xff, 0xf6, 0xe, 0xff, 0xff, 0xff, 0xf2, 0x2f,
    0xff, 0xff, 0xff, 0xf5, 0xdf, 0xff, 0xff, 0xc6,
    0xff, 0xff, 0xff, 0xff, 0x0, 0xef, 0xff, 0xff,
    0xff, 0xff, 0xff, 0xff, 0xff, 0xff, 0xff, 0xff,
    0xff, 0xc0, 0xa, 0xff, 0xff, 0xff, 0xff, 0xff,
    0xff, 0xff, 0xff, 0xff, 0xff, 0xff, 0xf7, 0x0,
    0x5f, 0xff, 0xff, 0xff, 0xff, 0xff, 0xff, 0xff,
    0xff, 0xff, 0xff, 0xff, 0x20, 0x0, 0xdf, 0xff,
    0xff, 0xff, 0xff, 0xff, 0xff, 0xff, 0xff, 0xff,
    0xff, 0xb0, 0x0, 0x4, 0xff, 0xff, 0xff, 0xff,
    0xff, 0xff, 0xff, 0xff, 0xff, 0xff, 0xf2, 0x0,
    0x0, 0x9, 0xff, 0xff, 0xff, 0xff, 0xf6, 0xff,
    0xff, 0xff, 0xff, 0xf6, 0x0, 0x0, 0x0, 0x8,
    0xff, 0xff, 0xff, 0xf7, 0xa, 0xff, 0xff, 0xff,
    0xf6, 0x0, 0x0, 0x0, 0x0, 0x3, 0x9d, 0xfe,
    0xb4, 0x0, 0x6, 0xcf, 0xfd, 0x82, 0x0, 0x0,
    0x0,

    /* U+0058 "X" */
    0x3, 0xbf, 0xfb, 0x50, 0x0, 0x0, 0x8, 0xdf,
    0xe9, 0x10, 0x1f, 0xff, 0xff, 0xfa, 0x0, 0x2,
    0xdf, 0xff, 0xff, 0xb0, 0x6f, 0xff, 0xff, 0xff,
    0x80, 0xd, 0xff, 0xff, 0xff, 0xf0, 0x7f, 0xff,
    0xff, 0xff, 0xf2, 0x7f, 0xff, 0xff, 0xff, 0xf1,
    0x4f, 0xff, 0xff, 0xff, 0xfb, 0xef, 0xff, 0xff,
    0xff, 0xe0, 0xe, 0xff, 0xff, 0xff, 0xff, 0xff,
    0xff, 0xff, 0xff, 0x80, 0x5, 0xff, 0xff, 0xff,
    0xff, 0xff, 0xff, 0xff, 0xfe, 0x10, 0x0, 0x8f,
    0xff, 0xff, 0xff, 0xff, 0xff, 0xff, 0xf3, 0x0,
    0x0, 0x7, 0xff, 0xff, 0xff, 0xff, 0xff, 0xfe,
    0x30, 0x0, 0x0, 0x0, 0x8f, 0xff, 0xff, 0xff,
    0xff, 0xf2, 0x0, 0x0, 0x0, 0x7, 0xff, 0xff,
    0xff, 0xff, 0xff, 0xfe, 0x30, 0x0, 0x0, 0x8f,
    0xff, 0xff, 0xff, 0xff, 0xff, 0xff, 0xf3, 0x0,
    0x5, 0xff, 0xff, 0xff, 0xff, 0xff, 0xff, 0xff,
    0xfe, 0x10, 0xe, 0xff, 0xff, 0xff, 0xff, 0xff,
    0xff, 0xff, 0xff, 0x80, 0x4f, 0xff, 0xff, 0xff,
    0xfa, 0xef, 0xff, 0xff, 0xff, 0xe0, 0x7f, 0xff,
    0xff, 0xff, 0xf2, 0x7f, 0xff, 0xff, 0xff, 0xf1,
    0x6f, 0xff, 0xff, 0xff, 0x80, 0xd, 0xff, 0xff,
    0xff, 0xf0, 0x1e, 0xff, 0xff, 0xfa, 0x0, 0x2,
    0xdf, 0xff, 0xff, 0xb0, 0x3, 0xbf, 0xfc, 0x50,
    0x0, 0x0, 0x8, 0xdf, 0xe9, 0x10,

    /* U+0059 "Y" */
    0x0, 0x8d, 0xfe, 0x91, 0x0, 0x0, 0x1a, 0xef,
    0xd8, 0x0, 0xc, 0xff, 0xff, 0xfc, 0x0, 0x0,
    0xdf, 0xff, 0xff, 0xb0, 0x4f, 0xff, 0xff, 0xff,
    0x50, 0x6, 0xff, 0xff, 0xff, 0xf3, 0x7f, 0xff,
    0xff, 0xff, 0xb0, 0xc, 0xff, 0xff, 0xff, 0xf6,
    0x8f, 0xff, 0xff, 0xff, 0xf1, 0x1f, 0xff, 0xff,
    0xff, 0xf6, 0x5f, 0xff, 0xff, 0xff, 0xf9, 0xaf,
    0xff, 0xff, 0xff, 0xf4, 0xf, 0xff, 0xff, 0xff,
    0xff, 0xff, 0xff, 0xff, 0xff, 0xe0, 0x7, 0xff,
    0xff, 0xff, 0xff, 0xff, 0xff, 0xff, 0xff, 0x60,
    0x0, 0xcf, 0xff, 0xff, 0xff, 0xff, 0xff, 0xff,
    0xfb, 0x0, 0x0, 0x1c, 0xff, 0xff, 0xff, 0xff,
    0xff, 0xff, 0xb0, 0x0, 0x0, 0x0, 0x8f, 0xff,
    0xff, 0xff, 0xff, 0xf7, 0x0, 0x0, 0x0, 0x0,
    0x1, 0xef, 0xff, 0xff, 0xfd, 0x10, 0x0, 0x0,
    0x0, 0x0, 0x0, 0xef, 0xff, 0xff, 0xfd, 0x0,
    0x0, 0x0, 0x0, 0x0, 0x0, 0xef, 0xff, 0xff,
    0xfd, 0x0, 0x0, 0x0, 0x0, 0x0, 0x0, 0xdf,
    0xff, 0xff, 0xfc, 0x0, 0x0, 0x0, 0x0, 0x0,
    0x0, 0xaf, 0xff, 0xff, 0xf9, 0x0, 0x0, 0x0,
    0x0, 0x0, 0x0, 0x6f, 0xff, 0xff, 0xf5, 0x0,
    0x0, 0x0, 0x0, 0x0, 0x0, 0xd, 0xff, 0xff,
    0xc0, 0x0, 0x0, 0x0, 0x0, 0x0, 0x0, 0x1,
    0xbf, 0xfa, 0x0, 0x0, 0x0, 0x0,

    /* U+005A "Z" */
    0x0, 0x5b, 0xef, 0xff, 0xff, 0xfe, 0xd9, 0x30,
    0x0, 0xaf, 0xff, 0xff, 0xff, 0xff, 0xff, 0xff,
    0x60, 0x3f, 0xff, 0xff, 0xff, 0xff, 0xff, 0xff,
    0xfd, 0x5, 0xff, 0xff, 0xff, 0xff, 0xff, 0xff,
    0xff, 0xe0, 0x3f, 0xff, 0xff, 0xff, 0xff, 0xff,
    0xff, 0xfb, 0x0, 0xdf, 0xff, 0xff, 0xff, 0xff,
    0xff, 0xff, 0x50, 0x1, 0xbf, 0xfe, 0xaf, 0xff,
    0xff, 0xff, 0xd0, 0x0, 0x0, 0x0, 0xb, 0xff,
    0xff, 0xff, 0xf3, 0x0, 0x0, 0x0, 0xa, 0xff,
    0xff, 0xff, 0xf7, 0x0, 0x0, 0x0, 0x8, 0xff,
    0xff, 0xff, 0xfa, 0x0, 0x0, 0x0, 0x5, 0xff,
    0xff, 0xff, 0xfc, 0x0, 0x0, 0x0, 0x1, 0xff,
    0xff, 0xff, 0xfd, 0x10, 0x0, 0x0, 0x0, 0xaf,
    0xff, 0xff, 0xff, 0xbe, 0xff, 0xc3, 0x0, 0x2f,
    0xff, 0xff, 0xff, 0xff, 0xff, 0xff, 0xf1, 0x8,
    0xff, 0xff, 0xff, 0xff, 0xff, 0xff, 0xff, 0x70,
    0xbf, 0xff, 0xff, 0xff, 0xff, 0xff, 0xff, 0xf8,
    0xa, 0xff, 0xff, 0xff, 0xff, 0xff, 0xff, 0xff,
    0x60, 0x3f, 0xff, 0xff, 0xff, 0xff, 0xff, 0xff,
    0xc0, 0x0, 0x28, 0xce, 0xff, 0xff, 0xff, 0xeb,
    0x60, 0x0,

    /* U+005B "[" */
    0x0, 0x8e, 0xff, 0xff, 0xc2, 0x7, 0xff, 0xff,
    0xff, 0xf8, 0xc, 0xff, 0xff, 0xff, 0xf8, 0xe,
    0xff, 0xff, 0xfe, 0xa1, 0xf, 0xff, 0xff, 0xf1,
    0x0, 0xf, 0xff, 0xff, 0xe0, 0x0, 0x1f, 0xff,
    0xff, 0xe0, 0x0, 0x2f, 0xff, 0xff, 0xe0, 0x0,
    0x3f, 0xff, 0xff, 0xe0, 0x0, 0x3f, 0xff, 0xff,
    0xe0, 0x0, 0x3f, 0xff, 0xff, 0xe0, 0x0, 0x4f,
    0xff, 0xff, 0xe0, 0x0, 0x4f, 0xff, 0xff, 0xe0,
    0x0, 0x4f, 0xff, 0xff, 0xe0, 0x0, 0x3f, 0xff,
    0xff, 0xe0, 0x0, 0x3f, 0xff, 0xff, 0xe0, 0x0,
    0x3f, 0xff, 0xff, 0xe0, 0x0, 0x2f, 0xff, 0xff,
    0xe0, 0x0, 0x1f, 0xff, 0xff, 0xe0, 0x0, 0xf,
    0xff, 0xff, 0xe0, 0x0, 0xf, 0xff, 0xff, 0xf2,
    0x0, 0xe, 0xff, 0xff, 0xff, 0xd2, 0xc, 0xff,
    0xff, 0xff, 0xf8, 0x6, 0xff, 0xff, 0xff, 0xf8,
    0x0, 0x6c, 0xdd, 0xdd, 0xa1,

    /* U+005C "\\" */
    0x4e, 0xe8, 0x0, 0x0, 0x0, 0x0, 0x0, 0x7f,
    0xff, 0xa0, 0x0, 0x0, 0x0, 0x0, 0x2f, 0xff,
    0xf2, 0x0, 0x0, 0x0, 0x0, 0xc, 0xff, 0xf9,
    0x0, 0x0, 0x0, 0x0, 0x6, 0xff, 0xff, 0x10,
    0x0, 0x0, 0x0, 0x0, 0xff, 0xff, 0x80, 0x0,
    0x0, 0x0, 0x0, 0x9f, 0xff, 0xe0, 0x0, 0x0,
    0x0, 0x0, 0x3f, 0xff, 0xf6, 0x0, 0x0, 0x0,
    0x0, 0xc, 0xff, 0xfd, 0x0, 0x0, 0x0, 0x0,
    0x6, 0xff, 0xff, 0x40, 0x0, 0x0, 0x0, 0x0,
    0xff, 0xff, 0xb0, 0x0, 0x0, 0x0, 0x0, 0x9f,
    0xff, 0xf2, 0x0, 0x0, 0x0, 0x0, 0x2f, 0xff,
    0xf9, 0x0, 0x0, 0x0, 0x0, 0xb, 0xff, 0xff,
    0x0, 0x0, 0x0, 0x0, 0x4, 0xff, 0xff, 0x60,
    0x0, 0x0, 0x0, 0x0, 0xdf, 0xff, 0xc0, 0x0,
    0x0, 0x0, 0x0, 0x6f, 0xff, 0xf3, 0x0, 0x0,
    0x0, 0x0, 0xe, 0xff, 0xf9, 0x0, 0x0, 0x0,
    0x0, 0x8, 0xff, 0xff, 0x0, 0x0, 0x0, 0x0,
    0x1, 0xff, 0xff, 0x60, 0x0, 0x0, 0x0, 0x0,
    0x9f, 0xff, 0xc0, 0x0, 0x0, 0x0, 0x0, 0x2f,
    0xff, 0xf2, 0x0, 0x0, 0x0, 0x0, 0x6, 0xff,
    0xf4, 0x0, 0x0, 0x0, 0x0, 0x0, 0x27, 0x50,

    /* U+005D "]" */
    0x9, 0xff, 0xff, 0xfc, 0x20, 0x3, 0xff, 0xff,
    0xff, 0xfc, 0x0, 0x2f, 0xff, 0xff, 0xff, 0xf2,
    0x0, 0x7d, 0xff, 0xff, 0xff, 0x40, 0x0, 0xb,
    0xff, 0xff, 0xf5, 0x0, 0x0, 0x9f, 0xff, 0xff,
    0x60, 0x0, 0x9, 0xff, 0xff, 0xf7, 0x0, 0x0,
    0x9f, 0xff, 0xff, 0x80, 0x0, 0x9, 0xff, 0xff,
    0xf9, 0x0, 0x0, 0x9f, 0xff, 0xff, 0x90, 0x0,
    0x9, 0xff, 0xff, 0xf9, 0x0, 0x0, 0x9f, 0xff,
    0xff, 0xa0, 0x0, 0x9, 0xff, 0xff, 0xfa, 0x0,
    0x0, 0x9f, 0xff, 0xff, 0x90, 0x0, 0x9, 0xff,
    0xff, 0xf9, 0x0, 0x0, 0x9f, 0xff, 0xff, 0x90,
    0x0, 0x9, 0xff, 0xff, 0xf8, 0x0, 0x0, 0x9f,
    0xff, 0xff, 0x80, 0x0, 0x9, 0xff, 0xff, 0xf7,
    0x0, 0x0, 0x9f, 0xff, 0xff, 0x60, 0x0, 0xc,
    0xff, 0xff, 0xf5, 0x0, 0x9f, 0xff, 0xff, 0xff,
    0x30, 0x3f, 0xff, 0xff, 0xff, 0xf1, 0x2, 0xff,
    0xff, 0xff, 0xfb, 0x0, 0x7, 0xcd, 0xdd, 0xd9,
    0x10, 0x0,

    /* U+005E "^" */
    0x0, 0x0, 0x0, 0x62, 0x0, 0x0, 0x0, 0x0,
    0x1, 0xcf, 0xf4, 0x0, 0x0, 0x0, 0x0, 0xcf,
    0xff, 0xf3, 0x0, 0x0, 0x0, 0xaf, 0xff, 0xff,
    0xe1, 0x0, 0x0, 0x5f, 0xff, 0xff, 0xff, 0xb0,
    0x0, 0x1e, 0xff, 0xff, 0xff, 0xff, 0x50, 0x7,
    0xff, 0xff, 0xbf, 0xff, 0xfd, 0x0, 0xdf, 0xff,
    0xf4, 0xef, 0xff, 0xf4, 0x3f, 0xff, 0xff, 0xa,
    0xff, 0xff, 0xa7, 0xff, 0xff, 0xb0, 0x5f, 0xff,
    0xfd, 0x8f, 0xff, 0xf4, 0x0, 0xef, 0xff, 0xe6,
    0xff, 0xfb, 0x0, 0x5, 0xff, 0xfc, 0x1c, 0xfa,
    0x0, 0x0, 0x5, 0xee, 0x40,

    /* U+005F "_" */
    0x2, 0x79, 0x99, 0x99, 0x99, 0x99, 0x71, 0x1,
    0xef, 0xff, 0xff, 0xff, 0xff, 0xff, 0xe0, 0x4f,
    0xff, 0xff, 0xff, 0xff, 0xff, 0xff, 0x22, 0xff,
    0xff, 0xff, 0xff, 0xff, 0xff, 0xf1, 0x7, 0xef,
    0xff, 0xff, 0xff, 0xff, 0xe6, 0x0,

    /* U+0060 "`" */
    0xa, 0xfb, 0x10, 0x0, 0x6f, 0xff, 0xe1, 0x0,
    0x5f, 0xff, 0xfc, 0x0, 0xb, 0xff, 0xff, 0x50,
    0x0, 0x9f, 0xff, 0xc0, 0x0, 0x4, 0xcf, 0xd0,
    0x0, 0x0, 0x2, 0x10,

    /* U+0061 "a" */
    0x0, 0x4, 0xbe, 0xfe, 0x91, 0x7, 0xef, 0xd6,
    0x0, 0x0, 0x8f, 0xff, 0xff, 0xfe, 0x7f, 0xff,
    0xff, 0x70, 0x4, 0xff, 0xff, 0xff, 0xff, 0xff,
    0xff, 0xff, 0xd0, 0xc, 0xff, 0xff, 0xff, 0xff,
    0xff, 0xff, 0xff, 0xf0, 0xf, 0xff, 0xff, 0xfb,
    0x3d, 0xff, 0xff, 0xff, 0xf1, 0x3f, 0xff, 0xff,
    0xf3, 0x6, 0xff, 0xff, 0xff, 0xf2, 0x3f, 0xff,
    0xff, 0xf2, 0x4, 0xff, 0xff, 0xff, 0xf2, 0x3f,
    0xff, 0xff, 0xf3, 0x7, 0xff, 0xff, 0xff, 0xf2,
    0x2f, 0xff, 0xff, 0xfb, 0x4d, 0xff, 0xff, 0xff,
    0xf2, 0xf, 0xff, 0xff, 0xff, 0xff, 0xff, 0xff,
    0xff, 0xf1, 0xa, 0xff, 0xff, 0xff, 0xff, 0xff,
    0xff, 0xff, 0xf0, 0x3, 0xff, 0xff, 0xff, 0xfe,
    0xef, 0xff, 0xff, 0xd0, 0x0, 0x6f, 0xff, 0xff,
    0xf6, 0x8f, 0xff, 0xff, 0x70, 0x0, 0x3, 0xbe,
    0xfd, 0x50, 0x9, 0xef, 0xd6, 0x0,

    /* U+0062 "b" */
    0x0, 0x5c, 0xfe, 0x80, 0x0, 0x0, 0x0, 0x0,
    0x0, 0x3, 0xff, 0xff, 0xf9, 0x0, 0x0, 0x0,
    0x0, 0x0, 0xa, 0xff, 0xff, 0xff, 0x0, 0x0,
    0x0, 0x0, 0x0, 0xe, 0xff, 0xff, 0xff, 0x30,
    0x0, 0x0, 0x0, 0x0, 0xf, 0xff, 0xff, 0xff,
    0x40, 0x0, 0x0, 0x0, 0x0, 0x1f, 0xff, 0xff,
    0xff, 0x40, 0x0, 0x0, 0x0, 0x0, 0x2f, 0xff,
    0xff, 0xff, 0x30, 0x0, 0x0, 0x0, 0x0, 0x3f,
    0xff, 0xff, 0xff, 0x38, 0xdf, 0xea, 0x30, 0x0,
    0x3f, 0xff, 0xff, 0xff, 0xff, 0xff, 0xff, 0xf5,
    0x0, 0x3f, 0xff, 0xff, 0xff, 0xff, 0xff, 0xff,
    0xff, 0x10, 0x4f, 0xff, 0xff, 0xff, 0xff, 0xff,
    0xff, 0xff, 0x80, 0x3f, 0xff, 0xff, 0xff, 0xf4,
    0x7f, 0xff, 0xff, 0xc0, 0x3f, 0xff, 0xff, 0xff,
    0xa0, 0xe, 0xff, 0xff, 0xf0, 0x2f, 0xff, 0xff,
    0xff, 0x90, 0xd, 0xff, 0xff, 0xf0, 0x2f, 0xff,
    0xff, 0xff, 0xd0, 0x1f, 0xff, 0xff, 0xf0, 0x1f,
    0xff, 0xff, 0xff, 0xfb, 0xcf, 0xff, 0xff, 0xe0,
    0xf, 0xff, 0xff, 0xff, 0xff, 0xff, 0xff, 0xff,
    0xb0, 0xd, 0xff, 0xff, 0xff, 0xff, 0xff, 0xff,
    0xff, 0x60, 0x9, 0xff, 0xff, 0xfe, 0xff, 0xff,
    0xff, 0xfe, 0x0, 0x2, 0xff, 0xff, 0xf6, 0xbf,
    0xff, 0xff, 0xf3, 0x0, 0x0, 0x4c, 0xfe, 0x80,
    0x8, 0xef, 0xe9, 0x20, 0x0,

    /* U+0063 "c" */
    0x0, 0x0, 0x29, 0xde, 0xfe, 0xc8, 0x10, 0x0,
    0x9, 0xff, 0xff, 0xff, 0xff, 0xe2, 0x0, 0xbf,
    0xff, 0xff, 0xff, 0xff, 0xfb, 0x6, 0xff, 0xff,
    0xff, 0xff, 0xff, 0xfd, 0xd, 0xff, 0xff, 0xff,
    0xff, 0xff, 0xfc, 0x1f, 0xff, 0xff, 0xfd, 0xcf,
    0xff, 0xf4, 0x3f, 0xff, 0xff, 0xe0, 0x0, 0x33,
    0x10, 0x3f, 0xff, 0xff, 0xe0, 0x0, 0x34, 0x10,
    0x1f, 0xff, 0xff, 0xfd, 0xcf, 0xff, 0xf4, 0xd,
    0xff, 0xff, 0xff, 0xff, 0xff, 0xfc, 0x6, 0xff,
    0xff, 0xff, 0xff, 0xff, 0xfd, 0x0, 0xbf, 0xff,
    0xff, 0xff, 0xff, 0xfb, 0x0, 0x9, 0xff, 0xff,
    0xff, 0xff, 0xe2, 0x0, 0x0, 0x29, 0xdf, 0xff,
    0xc8, 0x10,

    /* U+0064 "d" */
    0x0, 0x0, 0x0, 0x0, 0x0, 0x1a, 0xee, 0xb2,
    0x0, 0x0, 0x0, 0x0, 0x0, 0x0, 0xcf, 0xff,
    0xfe, 0x10, 0x0, 0x0, 0x0, 0x0, 0x3, 0xff,
    0xff, 0xff, 0x60, 0x0, 0x0, 0x0, 0x0, 0x7,
    0xff, 0xff, 0xff, 0x90, 0x0, 0x0, 0x0, 0x0,
    0x8, 0xff, 0xff, 0xff, 0xb0, 0x0, 0x0, 0x0,
    0x0, 0x8, 0xff, 0xff, 0xff, 0xd0, 0x0, 0x0,
    0x0, 0x0, 0x7, 0xff, 0xff, 0xff, 0xe0, 0x0,
    0x5, 0xcf, 0xfc, 0x67, 0xff, 0xff, 0xff, 0xe0,
    0x0, 0x9f, 0xff, 0xff, 0xff, 0xff, 0xff, 0xff,
    0xf0, 0x5, 0xff, 0xff, 0xff, 0xff, 0xff, 0xff,
    0xff, 0xf0, 0xc, 0xff, 0xff, 0xff, 0xff, 0xff,
    0xff, 0xff, 0xf0, 0xf, 0xff, 0xff, 0xf3, 0x7f,
    0xff, 0xff, 0xff, 0xf0, 0x3f, 0xff, 0xff, 0xa0,
    0xf, 0xff, 0xff, 0xff, 0xf0, 0x3f, 0xff, 0xff,
    0x90, 0xe, 0xff, 0xff, 0xff, 0xe0, 0x3f, 0xff,
    0xff, 0xc0, 0x1f, 0xff, 0xff, 0xff, 0xd0, 0x2f,
    0xff, 0xff, 0xfa, 0xdf, 0xff, 0xff, 0xff, 0xc0,
    0xf, 0xff, 0xff, 0xff, 0xff, 0xff, 0xff, 0xff,
    0xb0, 0xa, 0xff, 0xff, 0xff, 0xff, 0xff, 0xff,
    0xff, 0x80, 0x3, 0xff, 0xff, 0xff, 0xff, 0xff,
    0xff, 0xff, 0x40, 0x0, 0x7f, 0xff, 0xff, 0xf6,
    0xaf, 0xff, 0xfd, 0x0, 0x0, 0x4, 0xbe, 0xfd,
    0x60, 0x1a, 0xfe, 0xa1, 0x0,

    /* U+0065 "e" */
    0x0, 0x0, 0x4a, 0xdf, 0xfe, 0xb6, 0x0, 0x0,
    0x1, 0xbf, 0xff, 0xff, 0xff, 0xfd, 0x10, 0x0,
    0xcf, 0xff, 0xff, 0xff, 0xff, 0xfb, 0x0, 0x7f,
    0xff, 0xff, 0xff, 0xff, 0xff, 0xf0, 0xe, 0xff,
    0xff, 0xf8, 0x9, 0xff, 0xff, 0x2, 0xff, 0xff,
    0xff, 0xbb, 0xff, 0xff, 0xb0, 0x3f, 0xff, 0xff,
    0xff, 0xff, 0xff, 0xe2, 0x3, 0xff, 0xff, 0xff,
    0xac, 0xed, 0x81, 0x0, 0x1f, 0xff, 0xff, 0xf8,
    0x10, 0x24, 0x51, 0x0, 0xdf, 0xff, 0xff, 0xff,
    0xff, 0xff, 0xf2, 0x5, 0xff, 0xff, 0xff, 0xff,
    0xff, 0xff, 0x50, 0x9, 0xff, 0xff, 0xff, 0xff,
    0xff, 0xf3, 0x0, 0x7, 0xff, 0xff, 0xff, 0xff,
    0xfa, 0x0, 0x0, 0x1, 0x7b, 0xef, 0xfe, 0xb5,
    0x0,

    /* U+0066 "f" */
    0x0, 0x0, 0x0, 0x2, 0x8c, 0xef, 0xfd, 0x91,
    0x0, 0x0, 0x0, 0x8, 0xff, 0xff, 0xff, 0xff,
    0xc0, 0x0, 0x0, 0x9, 0xff, 0xff, 0xff, 0xff,
    0xff, 0x20, 0x0, 0x4, 0xff, 0xff, 0xff, 0xff,
    0xff, 0xf2, 0x0, 0x0, 0xbf, 0xff, 0xff, 0xff,
    0xff, 0xfd, 0x0, 0x0, 0xf, 0xff, 0xff, 0xff,
    0x54, 0x66, 0x10, 0x0, 0x2, 0xff, 0xff, 0xff,
    0xd0, 0x0, 0x0, 0x0, 0xaf, 0xff, 0xff, 0xff,
    0xff, 0xff, 0xfa, 0x0, 0x5f, 0xff, 0xff, 0xff,
    0xff, 0xff, 0xff, 0xf5, 0x5, 0xff, 0xff, 0xff,
    0xff, 0xff, 0xff, 0xff, 0x60, 0x1d, 0xff, 0xff,
    0xff, 0xff, 0xff, 0xff, 0xd1, 0x0, 0x2, 0x6f,
    0xff, 0xff, 0xff, 0x73, 0x20, 0x0, 0x0, 0x3,
    0xff, 0xff, 0xff, 0xf4, 0x0, 0x0, 0x0, 0x0,
    0x3f, 0xff, 0xff, 0xff, 0x40, 0x0, 0x0, 0x0,
    0x2, 0xff, 0xff, 0xff, 0xf4, 0x0, 0x0, 0x0,
    0x0, 0x1f, 0xff, 0xff, 0xff, 0x40, 0x0, 0x0,
    0x0, 0x0, 0xff, 0xff, 0xff, 0xf3, 0x0, 0x0,
    0x0, 0x0, 0xd, 0xff, 0xff, 0xff, 0x10, 0x0,
    0x0, 0x0, 0x0, 0x9f, 0xff, 0xff, 0xd0, 0x0,
    0x0, 0x0, 0x0, 0x2, 0xff, 0xff, 0xf5, 0x0,
    0x0, 0x0, 0x0, 0x0, 0x4, 0xcf, 0xd6, 0x0,
    0x0, 0x0, 0x0,

    /* U+0067 "g" */
    0x0, 0x4, 0xbe, 0xfe, 0x91, 0x7, 0xef, 0xd6,
    0x0, 0x0, 0x8f, 0xff, 0xff, 0xfe, 0x7f, 0xff,
    0xff, 0x70, 0x4, 0xff, 0xff, 0xff, 0xff, 0xff,
    0xff, 0xff, 0xd0, 0xc, 0xff, 0xff, 0xff, 0xff,
    0xff, 0xff, 0xff, 0xf0, 0xf, 0xff, 0xff, 0xfb,
    0x3d, 0xff, 0xff, 0xff, 0xf1, 0x3f, 0xff, 0xff,
    0xf3, 0x6, 0xff, 0xff, 0xff, 0xf1, 0x3f, 0xff,
    0xff, 0xf2, 0x4, 0xff, 0xff, 0xff, 0xf2, 0x3f,
    0xff, 0xff, 0xf3, 0x7, 0xff, 0xff, 0xff, 0xf2,
    0x2f, 0xff, 0xff, 0xfb, 0x4d, 0xff, 0xff, 0xff,
    0xf1, 0xf, 0xff, 0xff, 0xff, 0xff, 0xff, 0xff,
    0xff, 0xf1, 0xa, 0xff, 0xff, 0xff, 0xff, 0xff,
    0xff, 0xff, 0xf0, 0x3, 0xff, 0xff, 0xff, 0xfe,
    0xef, 0xff, 0xff, 0xf0, 0x0, 0x6f, 0xff, 0xff,
    0xf6, 0xdf, 0xff, 0xff, 0xe0, 0x0, 0x3, 0xbe,
    0xfd, 0x51, 0xff, 0xff, 0xff, 0xc0, 0x0, 0x0,
    0x0, 0x0, 0xa, 0xff, 0xff, 0xff, 0x90, 0x0,
    0x5, 0xbc, 0xbb, 0xef, 0xff, 0xff, 0xff, 0x50,
    0x0, 0x4f, 0xff, 0xff, 0xff, 0xff, 0xff, 0xff,
    0x0, 0x0, 0x7f, 0xff, 0xff, 0xff, 0xff, 0xff,
    0xf7, 0x0, 0x0, 0x6f, 0xff, 0xff, 0xff, 0xff,
    0xff, 0xa0, 0x0, 0x0, 0x1e, 0xff, 0xff, 0xff,
    0xff, 0xf7, 0x0, 0x0, 0x0, 0x2, 0x9d, 0xff,
    0xed, 0xa5, 0x0, 0x0, 0x0,

    /* U+0068 "h" */
    0x0, 0x5c, 0xfe, 0x80, 0x0, 0x0, 0x0, 0x0,
    0x0, 0x3, 0xff, 0xff, 0xf9, 0x0, 0x0, 0x0,
    0x0, 0x0, 0xa, 0xff, 0xff, 0xff, 0x0, 0x0,
    0x0, 0x0, 0x0, 0xe, 0xff, 0xff, 0xff, 0x30,
    0x0, 0x0, 0x0, 0x0, 0xf, 0xff, 0xff, 0xff,
    0x50, 0x0, 0x0, 0x0, 0x0, 0x1f, 0xff, 0xff,
    0xff, 0x60, 0x0, 0x0, 0x0, 0x0, 0x2f, 0xff,
    0xff, 0xff, 0x70, 0x0, 0x0, 0x0, 0x0, 0x3f,
    0xff, 0xff, 0xff, 0x80, 0x6c, 0xfe, 0xc5, 0x0,
    0x3f, 0xff, 0xff, 0xff, 0x8b, 0xff, 0xff, 0xff,
    0x60, 0x4f, 0xff, 0xff, 0xff, 0xff, 0xff, 0xff,
    0xff, 0xf0, 0x4f, 0xff, 0xff, 0xff, 0xff, 0xff,
    0xff, 0xff, 0xf4, 0x4f, 0xff, 0xff, 0xff, 0xff,
    0xff, 0xff, 0xff, 0xf7, 0x3f, 0xff, 0xff, 0xff,
    0xc3, 0xff, 0xff, 0xff, 0xf8, 0x3f, 0xff, 0xff,
    0xff, 0x90, 0xdf, 0xff, 0xff, 0xf9, 0x2f, 0xff,
    0xff, 0xff, 0xa0, 0xef, 0xff, 0xff, 0xfa, 0x1f,
    0xff, 0xff, 0xff, 0xa0, 0xef, 0xff, 0xff, 0xfa,
    0xf, 0xff, 0xff, 0xff, 0xa0, 0xef, 0xff, 0xff,
    0xfa, 0xd, 0xff, 0xff, 0xff, 0x90, 0xdf, 0xff,
    0xff, 0xf9, 0x9, 0xff, 0xff, 0xff, 0x60, 0xaf,
    0xff, 0xff, 0xf6, 0x2, 0xff, 0xff, 0xff, 0x10,
    0x4f, 0xff, 0xff, 0xe1, 0x0, 0x4c, 0xff, 0xc3,
    0x0, 0x5, 0xcf, 0xeb, 0x20,

    /* U+0069 "i" */
    0x2, 0xae, 0xfe, 0xb4, 0x1, 0xef, 0xff, 0xff,
    0xf4, 0x3f, 0xff, 0xff, 0xff, 0x70, 0xcf, 0xff,
    0xff, 0xe2, 0x0, 0x59, 0xba, 0x71, 0x0, 0x7,
    0xdf, 0xe9, 0x10, 0x8, 0xff, 0xff, 0xfc, 0x0,
    0xff, 0xff, 0xff, 0xf2, 0x1f, 0xff, 0xff, 0xff,
    0x42, 0xff, 0xff, 0xff, 0xf5, 0x3f, 0xff, 0xff,
    0xff, 0x63, 0xff, 0xff, 0xff, 0xf7, 0x3f, 0xff,
    0xff, 0xff, 0x73, 0xff, 0xff, 0xff, 0xf6, 0x2f,
    0xff, 0xff, 0xff, 0x51, 0xff, 0xff, 0xff, 0xf4,
    0xf, 0xff, 0xff, 0xff, 0x20, 0x8f, 0xff, 0xff,
    0xc0, 0x0, 0x7d, 0xfe, 0x91, 0x0,

    /* U+006A "j" */
    0x0, 0x0, 0x2, 0x9e, 0xfe, 0xb5, 0x0, 0x0,
    0x0, 0xef, 0xff, 0xff, 0xf4, 0x0, 0x0, 0x2f,
    0xff, 0xff, 0xff, 0x80, 0x0, 0x0, 0xcf, 0xff,
    0xff, 0xf2, 0x0, 0x0, 0x0, 0x59, 0xba, 0x71,
    0x0, 0x0, 0x0, 0x6, 0xdf, 0xe9, 0x10, 0x0,
    0x0, 0x7, 0xff, 0xff, 0xfc, 0x0, 0x0, 0x0,
    0xef, 0xff, 0xff, 0xf3, 0x0, 0x0, 0xf, 0xff,
    0xff, 0xff, 0x70, 0x0, 0x1, 0xff, 0xff, 0xff,
    0xf9, 0x0, 0x0, 0x1f, 0xff, 0xff, 0xff, 0xa0,
    0x0, 0x1, 0xff, 0xff, 0xff, 0xfb, 0x0, 0x0,
    0xf, 0xff, 0xff, 0xff, 0xb0, 0x0, 0x0, 0xff,
    0xff, 0xff, 0xfc, 0x0, 0x0, 0xf, 0xff, 0xff,
    0xff, 0xc0, 0x0, 0x0, 0xff, 0xff, 0xff, 0xfb,
    0x0, 0x0, 0xf, 0xff, 0xff, 0xff, 0xa0, 0x0,
    0x0, 0xff, 0xff, 0xff, 0xf9, 0x0, 0x0, 0x5f,
    0xff, 0xff, 0xff, 0x70, 0x3b, 0xef, 0xff, 0xff,
    0xff, 0xf4, 0xe, 0xff, 0xff, 0xff, 0xff, 0xff,
    0x3, 0xff, 0xff, 0xff, 0xff, 0xff, 0xa0, 0x4f,
    0xff, 0xff, 0xff, 0xff, 0xf3, 0x1, 0xff, 0xff,
    0xff, 0xff, 0xfa, 0x0, 0x9, 0xff, 0xff, 0xff,
    0xfa, 0x0, 0x0, 0x6, 0xcf, 0xfe, 0xa4, 0x0,
    0x0,

    /* U+006B "k" */
    0x0, 0x5c, 0xfd, 0x80, 0x0, 0x0, 0x0, 0x0,
    0x0, 0x3, 0xff, 0xff, 0xf8, 0x0, 0x0, 0x0,
    0x0, 0x0, 0xa, 0xff, 0xff, 0xff, 0x0, 0x0,
    0x0, 0x0, 0x0, 0xe, 0xff, 0xff, 0xff, 0x30,
    0x0, 0x0, 0x0, 0x0, 0xf, 0xff, 0xff, 0xff,
    0x50, 0x0, 0x0, 0x0, 0x0, 0x1f, 0xff, 0xff,
    0xff, 0x60, 0x0, 0x0, 0x0, 0x0, 0x2f, 0xff,
    0xff, 0xff, 0x70, 0x0, 0x0, 0x0, 0x0, 0x3f,
    0xff, 0xff, 0xff, 0x60, 0x18, 0xdf, 0xd7, 0x0,
    0x3f, 0xff, 0xff, 0xff, 0x53, 0xef, 0xff, 0xff,
    0x40, 0x4f, 0xff, 0xff, 0xff, 0x7f, 0xff, 0xff,
    0xff, 0x80, 0x4f, 0xff, 0xff, 0xff, 0xff, 0xff,
    0xff, 0xff, 0x70, 0x4f, 0xff, 0xff, 0xff, 0xff,
    0xff, 0xff, 0xfe, 0x10, 0x3f, 0xff, 0xff, 0xff,
    0xff, 0xff, 0xff, 0xa1, 0x0, 0x3f, 0xff, 0xff,
    0xff, 0xff, 0xff, 0xd4, 0x0, 0x0, 0x2f, 0xff,
    0xff, 0xff, 0xff, 0xff, 0xff, 0xe5, 0x0, 0x1f,
    0xff, 0xff, 0xff, 0xff, 0xff, 0xff, 0xff, 0x60,
    0xf, 0xff, 0xff, 0xff, 0xdf, 0xff, 0xff, 0xff,
    0xf0, 0xd, 0xff, 0xff, 0xff, 0x7d, 0xff, 0xff,
    0xff, 0xf2, 0x9, 0xff, 0xff, 0xff, 0x54, 0xff,
    0xff, 0xff, 0xf1, 0x2, 0xff, 0xff, 0xfe, 0x0,
    0x6f, 0xff, 0xff, 0xc0, 0x0, 0x4c, 0xfe, 0xb2,
    0x0, 0x3, 0xbf, 0xea, 0x10,

    /* U+006C "l" */
    0x0, 0x5c, 0xfe, 0x80, 0x0, 0x3f, 0xff, 0xff,
    0x90, 0xa, 0xff, 0xff, 0xff, 0x0, 0xef, 0xff,
    0xff, 0xf3, 0xf, 0xff, 0xff, 0xff, 0x51, 0xff,
    0xff, 0xff, 0xf7, 0x2f, 0xff, 0xff, 0xff, 0x83,
    0xff, 0xff, 0xff, 0xf9, 0x3f, 0xff, 0xff, 0xff,
    0x94, 0xff, 0xff, 0xff, 0xfa, 0x4f, 0xff, 0xff,
    0xff, 0xa4, 0xff, 0xff, 0xff, 0xfa, 0x3f, 0xff,
    0xff, 0xff, 0x93, 0xff, 0xff, 0xff, 0xf8, 0x2f,
    0xff, 0xff, 0xff, 0x71, 0xff, 0xff, 0xff, 0xf6,
    0xf, 0xff, 0xff, 0xff, 0x50, 0xdf, 0xff, 0xff,
    0xf2, 0x9, 0xff, 0xff, 0xfe, 0x0, 0x2f, 0xff,
    0xff, 0x70, 0x0, 0x4c, 0xfd, 0x70, 0x0,

    /* U+006D "m" */
    0x0, 0x7d, 0xfe, 0x80, 0x0, 0x5b, 0xef, 0xb1,
    0x0, 0x8d, 0xfd, 0x70, 0x0, 0x9f, 0xff, 0xff,
    0x91, 0xcf, 0xff, 0xff, 0x91, 0xdf, 0xff, 0xff,
    0x80, 0xf, 0xff, 0xff, 0xfe, 0xcf, 0xff, 0xff,
    0xfd, 0xdf, 0xff, 0xff, 0xff, 0x1, 0xff, 0xff,
    0xff, 0xff, 0xff, 0xff, 0xff, 0xff, 0xff, 0xff,
    0xff, 0xf5, 0x3f, 0xff, 0xff, 0xff, 0xff, 0xff,
    0xff, 0xff, 0xff, 0xff, 0xff, 0xff, 0x73, 0xff,
    0xff, 0xff, 0xf3, 0xaf, 0xff, 0xff, 0xf5, 0x7f,
    0xff, 0xff, 0xf9, 0x4f, 0xff, 0xff, 0xfe, 0x6,
    0xff, 0xff, 0xff, 0x23, 0xff, 0xff, 0xff, 0xa4,
    0xff, 0xff, 0xff, 0xe0, 0x7f, 0xff, 0xff, 0xf2,
    0x3f, 0xff, 0xff, 0xfa, 0x3f, 0xff, 0xff, 0xfe,
    0x7, 0xff, 0xff, 0xff, 0x23, 0xff, 0xff, 0xff,
    0xa3, 0xff, 0xff, 0xff, 0xe0, 0x6f, 0xff, 0xff,
    0xf2, 0x3f, 0xff, 0xff, 0xfa, 0x1f, 0xff, 0xff,
    0xfd, 0x4, 0xff, 0xff, 0xff, 0x11, 0xff, 0xff,
    0xff, 0x90, 0xff, 0xff, 0xff, 0xa0, 0x1f, 0xff,
    0xff, 0xe0, 0xe, 0xff, 0xff, 0xf6, 0x9, 0xff,
    0xff, 0xf4, 0x0, 0xcf, 0xff, 0xf8, 0x0, 0x8f,
    0xff, 0xfe, 0x0, 0x8, 0xdf, 0xd5, 0x0, 0x1,
    0xae, 0xf9, 0x0, 0x0, 0x8e, 0xfc, 0x30,

    /* U+006E "n" */
    0x0, 0x7d, 0xfe, 0x80, 0x0, 0x7d, 0xfe, 0xb3,
    0x0, 0x9, 0xff, 0xff, 0xf8, 0x1d, 0xff, 0xff,
    0xff, 0x40, 0xf, 0xff, 0xff, 0xfd, 0xdf, 0xff,
    0xff, 0xff, 0xc0, 0x1f, 0xff, 0xff, 0xff, 0xff,
    0xff, 0xff, 0xff, 0xf2, 0x3f, 0xff, 0xff, 0xff,
    0xff, 0xff, 0xff, 0xff, 0xf4, 0x3f, 0xff, 0xff,
    0xff, 0x64, 0xff, 0xff, 0xff, 0xf6, 0x4f, 0xff,
    0xff, 0xff, 0x10, 0xff, 0xff, 0xff, 0xf7, 0x4f,
    0xff, 0xff, 0xff, 0x10, 0xff, 0xff, 0xff, 0xf7,
    0x3f, 0xff, 0xff, 0xff, 0x11, 0xff, 0xff, 0xff,
    0xf7, 0x3f, 0xff, 0xff, 0xff, 0x0, 0xff, 0xff,
    0xff, 0xf7, 0x1f, 0xff, 0xff, 0xff, 0x0, 0xff,
    0xff, 0xff, 0xf6, 0xf, 0xff, 0xff, 0xfd, 0x0,
    0xdf, 0xff, 0xff, 0xf4, 0x9, 0xff, 0xff, 0xf7,
    0x0, 0x7f, 0xff, 0xff, 0xd0, 0x0, 0x8d, 0xfd,
    0x70, 0x0, 0x6, 0xdf, 0xea, 0x10,

    /* U+006F "o" */
    0x0, 0x0, 0x29, 0xde, 0xfe, 0xc7, 0x10, 0x0,
    0x0, 0x0, 0x9f, 0xff, 0xff, 0xff, 0xff, 0x60,
    0x0, 0x0, 0xbf, 0xff, 0xff, 0xff, 0xff, 0xff,
    0x70, 0x0, 0x6f, 0xff, 0xff, 0xff, 0xff, 0xff,
    0xff, 0x20, 0xd, 0xff, 0xff, 0xf5, 0x9, 0xff,
    0xff, 0xf9, 0x2, 0xff, 0xff, 0xfe, 0x0, 0x2f,
    0xff, 0xff, 0xe0, 0x4f, 0xff, 0xff, 0xd0, 0x1,
    0xff, 0xff, 0xff, 0x4, 0xff, 0xff, 0xff, 0x30,
    0x7f, 0xff, 0xff, 0xf0, 0x2f, 0xff, 0xff, 0xff,
    0xef, 0xff, 0xff, 0xfe, 0x0, 0xdf, 0xff, 0xff,
    0xff, 0xff, 0xff, 0xff, 0x90, 0x6, 0xff, 0xff,
    0xff, 0xff, 0xff, 0xff, 0xf2, 0x0, 0xb, 0xff,
    0xff, 0xff, 0xff, 0xff, 0xf7, 0x0, 0x0, 0x9,
    0xff, 0xff, 0xff, 0xff, 0xf6, 0x0, 0x0, 0x0,
    0x2, 0x9d, 0xef, 0xec, 0x71, 0x0, 0x0,

    /* U+0070 "p" */
    0x0, 0x4c, 0xfe, 0x80, 0x8, 0xef, 0xe9, 0x20,
    0x0, 0x2, 0xff, 0xff, 0xf6, 0xbf, 0xff, 0xff,
    0xf3, 0x0, 0x9, 0xff, 0xff, 0xfe, 0xff, 0xff,
    0xff, 0xfe, 0x0, 0xd, 0xff, 0xff, 0xff, 0xff,
    0xff, 0xff, 0xff, 0x60, 0xf, 0xff, 0xff, 0xff,
    0xff, 0xff, 0xff, 0xff, 0xb0, 0x1f, 0xff, 0xff,
    0xff, 0xfb, 0xdf, 0xff, 0xff, 0xe0, 0x2f, 0xff,
    0xff, 0xff, 0xd0, 0x1f, 0xff, 0xff, 0xf0, 0x2f,
    0xff, 0xff, 0xff, 0x90, 0xd, 0xff, 0xff, 0xf0,
    0x3f, 0xff, 0xff, 0xff, 0xa0, 0xe, 0xff, 0xff,
    0xf0, 0x3f, 0xff, 0xff, 0xff, 0xf4, 0x7f, 0xff,
    0xff, 0xc0, 0x4f, 0xff, 0xff, 0xff, 0xff, 0xff,
    0xff, 0xff, 0x80, 0x3f, 0xff, 0xff, 0xff, 0xff,
    0xff, 0xff, 0xff, 0x10, 0x3f, 0xff, 0xff, 0xff,
    0xff, 0xff, 0xff, 0xf5, 0x0, 0x3f, 0xff, 0xff,
    0xff, 0x38, 0xdf, 0xea, 0x30, 0x0, 0x2f, 0xff,
    0xff, 0xff, 0x30, 0x0, 0x0, 0x0, 0x0, 0x1f,
    0xff, 0xff, 0xff, 0x40, 0x0, 0x0, 0x0, 0x0,
    0xf, 0xff, 0xff, 0xff, 0x40, 0x0, 0x0, 0x0,
    0x0, 0xe, 0xff, 0xff, 0xff, 0x30, 0x0, 0x0,
    0x0, 0x0, 0xa, 0xff, 0xff, 0xff, 0x0, 0x0,
    0x0, 0x0, 0x0, 0x3, 0xff, 0xff, 0xf9, 0x0,
    0x0, 0x0, 0x0, 0x0, 0x0, 0x5c, 0xfe, 0x80,
    0x0, 0x0, 0x0, 0x0, 0x0,

    /* U+0071 "q" */
    0x0, 0x4, 0xbe, 0xfd, 0x60, 0x1a, 0xfe, 0xa1,
    0x0, 0x0, 0x6f, 0xff, 0xff, 0xf6, 0xaf, 0xff,
    0xfd, 0x0, 0x3, 0xff, 0xff, 0xff, 0xff, 0xff,
    0xff, 0xff, 0x40, 0xa, 0xff, 0xff, 0xff, 0xff,
    0xff, 0xff, 0xff, 0x80, 0xf, 0xff, 0xff, 0xff,
    0xff, 0xff, 0xff, 0xff, 0xb0, 0x2f, 0xff, 0xff,
    0xfb, 0xdf, 0xff, 0xff, 0xff, 0xc0, 0x3f, 0xff,
    0xff, 0xc0, 0x1f, 0xff, 0xff, 0xff, 0xd0, 0x3f,
    0xff, 0xff, 0x90, 0xe, 0xff, 0xff, 0xff, 0xe0,
    0x3f, 0xff, 0xff, 0xa0, 0xf, 0xff, 0xff, 0xff,
    0xf0, 0xf, 0xff, 0xff, 0xf3, 0x7f, 0xff, 0xff,
    0xff, 0xf0, 0xc, 0xff, 0xff, 0xff, 0xff, 0xff,
    0xff, 0xff, 0xf0, 0x5, 0xff, 0xff, 0xff, 0xff,
    0xff, 0xff, 0xff, 0xf0, 0x0, 0x9f, 0xff, 0xff,
    0xff, 0xff, 0xff, 0xff, 0xf0, 0x0, 0x5, 0xcf,
    0xfc, 0x67, 0xff, 0xff, 0xff, 0xe0, 0x0, 0x0,
    0x0, 0x0, 0x7, 0xff, 0xff, 0xff, 0xe0, 0x0,
    0x0, 0x0, 0x0, 0x8, 0xff, 0xff, 0xff, 0xd0,
    0x0, 0x0, 0x0, 0x0, 0x8, 0xff, 0xff, 0xff,
    0xb0, 0x0, 0x0, 0x0, 0x0, 0x7, 0xff, 0xff,
    0xff, 0x90, 0x0, 0x0, 0x0, 0x0, 0x4, 0xff,
    0xff, 0xff, 0x60, 0x0, 0x0, 0x0, 0x0, 0x0,
    0xdf, 0xff, 0xfe, 0x10, 0x0, 0x0, 0x0, 0x0,
    0x0, 0x1a, 0xee, 0xb2, 0x0,

    /* U+0072 "r" */
    0x0, 0x8d, 0xfd, 0x50, 0x4, 0xcf, 0xe8, 0x0,
    0x9f, 0xff, 0xff, 0x25, 0xff, 0xff, 0xf8, 0xf,
    0xff, 0xff, 0xf7, 0xef, 0xff, 0xff, 0xd1, 0xff,
    0xff, 0xff, 0xff, 0xff, 0xff, 0xfe, 0x3f, 0xff,
    0xff, 0xff, 0xff, 0xff, 0xff, 0xc3, 0xff, 0xff,
    0xff, 0xff, 0xff, 0xff, 0xf7, 0x4f, 0xff, 0xff,
    0xff, 0x4b, 0xff, 0xff, 0x14, 0xff, 0xff, 0xff,
    0xf1, 0x3f, 0xff, 0x50, 0x3f, 0xff, 0xff, 0xff,
    0x10, 0x7a, 0x40, 0x3, 0xff, 0xff, 0xff, 0xf1,
    0x0, 0x0, 0x0, 0x1f, 0xff, 0xff, 0xff, 0x0,
    0x0, 0x0, 0x0, 0xff, 0xff, 0xff, 0xe0, 0x0,
    0x0, 0x0, 0x9, 0xff, 0xff, 0xf8, 0x0, 0x0,
    0x0, 0x0, 0x7, 0xdf, 0xe9, 0x0, 0x0, 0x0,
    0x0,

    /* U+0073 "s" */
    0x0, 0x39, 0xce, 0xff, 0xec, 0x93, 0x0, 0x7,
    0xff, 0xff, 0xff, 0xff, 0xff, 0x60, 0x2f, 0xff,
    0xff, 0xff, 0xff, 0xff, 0xf0, 0x5f, 0xff, 0xff,
    0xff, 0xff, 0xff, 0xf0, 0x4f, 0xff, 0xff, 0xff,
    0xff, 0xff, 0xa0, 0xb, 0xff, 0xff, 0xf3, 0x27,
    0xa8, 0x0, 0x0, 0x8e, 0xff, 0xfe, 0x72, 0x0,
    0x0, 0x0, 0x0, 0x5a, 0xff, 0xff, 0xc4, 0x0,
    0x2, 0x9a, 0x60, 0x8f, 0xff, 0xff, 0x60, 0xe,
    0xff, 0xff, 0xff, 0xff, 0xff, 0xf0, 0x4f, 0xff,
    0xff, 0xff, 0xff, 0xff, 0xf1, 0x4f, 0xff, 0xff,
    0xff, 0xff, 0xff, 0xd0, 0xb, 0xff, 0xff, 0xff,
    0xff, 0xfe, 0x30, 0x0, 0x5a, 0xdf, 0xff, 0xec,
    0x81, 0x0,

    /* U+0074 "t" */
    0x0, 0x0, 0x0, 0x7, 0xed, 0x0, 0x0, 0x0,
    0x0, 0x0, 0x1d, 0xff, 0xf1, 0x0, 0x0, 0x0,
    0x0, 0x1e, 0xff, 0xff, 0x20, 0x0, 0x0, 0x0,
    0xc, 0xff, 0xff, 0xf1, 0x0, 0x0, 0xa, 0xff,
    0xff, 0xff, 0xff, 0xff, 0xe5, 0x5, 0xff, 0xff,
    0xff, 0xff, 0xff, 0xff, 0xf0, 0x5f, 0xff, 0xff,
    0xff, 0xff, 0xff, 0xff, 0x0, 0xdf, 0xff, 0xff,
    0xff, 0xff, 0xff, 0x80, 0x0, 0x2a, 0xff, 0xff,
    0xfe, 0x33, 0x20, 0x0, 0x0, 0x9f, 0xff, 0xff,
    0xd0, 0x0, 0x0, 0x0, 0x9, 0xff, 0xff, 0xff,
    0x0, 0x0, 0x0, 0x0, 0x7f, 0xff, 0xff, 0xf6,
    0x0, 0x0, 0x0, 0x6, 0xff, 0xff, 0xff, 0xff,
    0xfd, 0x10, 0x0, 0x4f, 0xff, 0xff, 0xff, 0xff,
    0xf5, 0x0, 0x0, 0xff, 0xff, 0xff, 0xff, 0xff,
    0x50, 0x0, 0x9, 0xff, 0xff, 0xff, 0xff, 0xf2,
    0x0, 0x0, 0xc, 0xff, 0xff, 0xff, 0xfa, 0x0,
    0x0, 0x0, 0x6, 0xbe, 0xff, 0xc7, 0x0,

    /* U+0075 "u" */
    0x0, 0x8d, 0xfd, 0x80, 0x0, 0x5, 0xcf, 0xe9,
    0x10, 0xa, 0xff, 0xff, 0xfa, 0x0, 0x4f, 0xff,
    0xff, 0xc0, 0x1f, 0xff, 0xff, 0xff, 0x0, 0xaf,
    0xff, 0xff, 0xf2, 0x3f, 0xff, 0xff, 0xff, 0x30,
    0xcf, 0xff, 0xff, 0xf5, 0x4f, 0xff, 0xff, 0xff,
    0x40, 0xdf, 0xff, 0xff, 0xf6, 0x4f, 0xff, 0xff,
    0xff, 0x40, 0xdf, 0xff, 0xff, 0xf7, 0x4f, 0xff,
    0xff, 0xff, 0x30, 0xdf, 0xff, 0xff, 0xf7, 0x4f,
    0xff, 0xff, 0xff, 0x30, 0xdf, 0xff, 0xff, 0xf7,
    0x3f, 0xff, 0xff, 0xff, 0x73, 0xff, 0xff, 0xff,
    0xf7, 0x1f, 0xff, 0xff, 0xff, 0xff, 0xff, 0xff,
    0xff, 0xf6, 0xe, 0xff, 0xff, 0xff, 0xff, 0xff,
    0xff, 0xff, 0xf5, 0x9, 0xff, 0xff, 0xff, 0xfe,
    0xbf, 0xff, 0xff, 0xf2, 0x1, 0xef, 0xff, 0xff,
    0xe3, 0x4f, 0xff, 0xff, 0xc0, 0x0, 0x2a, 0xef,
    0xd8, 0x10, 0x6, 0xdf, 0xe9, 0x10,

    /* U+0076 "v" */
    0x2, 0xae, 0xfb, 0x20, 0x0, 0x4c, 0xfe, 0x80,
    0x0, 0xdf, 0xff, 0xfd, 0x0, 0x2f, 0xff, 0xff,
    0x90, 0x5f, 0xff, 0xff, 0xf4, 0x8, 0xff, 0xff,
    0xff, 0x18, 0xff, 0xff, 0xff, 0x80, 0xcf, 0xff,
    0xff, 0xf4, 0x8f, 0xff, 0xff, 0xfa, 0xf, 0xff,
    0xff, 0xff, 0x45, 0xff, 0xff, 0xff, 0xd1, 0xff,
    0xff, 0xff, 0xf1, 0x1f, 0xff, 0xff, 0xff, 0x3f,
    0xff, 0xff, 0xfc, 0x0, 0xaf, 0xff, 0xff, 0xf8,
    0xff, 0xff, 0xff, 0x60, 0x2, 0xff, 0xff, 0xff,
    0xff, 0xff, 0xff, 0xd0, 0x0, 0x8, 0xff, 0xff,
    0xff, 0xff, 0xff, 0xf3, 0x0, 0x0, 0xc, 0xff,
    0xff, 0xff, 0xff, 0xf8, 0x0, 0x0, 0x0, 0x1d,
    0xff, 0xff, 0xff, 0xfa, 0x0, 0x0, 0x0, 0x0,
    0x1c, 0xff, 0xff, 0xf9, 0x0, 0x0, 0x0, 0x0,
    0x0, 0x7, 0xdf, 0xc4, 0x0, 0x0, 0x0,

    /* U+0077 "w" */
    0x1, 0xae, 0xfc, 0x40, 0x2, 0xcf, 0xd2, 0x0,
    0x4c, 0xfe, 0xa1, 0x0, 0xcf, 0xff, 0xff, 0x20,
    0xaf, 0xff, 0xb0, 0x2f, 0xff, 0xff, 0xd0, 0x3f,
    0xff, 0xff, 0xf7, 0xe, 0xff, 0xfe, 0x7, 0xff,
    0xff, 0xff, 0x47, 0xff, 0xff, 0xff, 0x90, 0xff,
    0xff, 0xf0, 0x9f, 0xff, 0xff, 0xf7, 0x7f, 0xff,
    0xff, 0xfa, 0xe, 0xff, 0xfe, 0xa, 0xff, 0xff,
    0xff, 0x76, 0xff, 0xff, 0xff, 0xc0, 0xcf, 0xff,
    0xd0, 0xcf, 0xff, 0xff, 0xf7, 0x5f, 0xff, 0xff,
    0xff, 0xb, 0xff, 0xfb, 0xe, 0xff, 0xff, 0xff,
    0x52, 0xff, 0xff, 0xff, 0xfa, 0xef, 0xff, 0xe9,
    0xff, 0xff, 0xff, 0xf2, 0xd, 0xff, 0xff, 0xff,
    0xff, 0xff, 0xff, 0xff, 0xff, 0xff, 0xfe, 0x0,
    0x7f, 0xff, 0xff, 0xff, 0xff, 0xff, 0xff, 0xff,
    0xff, 0xff, 0x80, 0x0, 0xef, 0xff, 0xff, 0xff,
    0xff, 0xff, 0xff, 0xff, 0xff, 0xf1, 0x0, 0x5,
    0xff, 0xff, 0xff, 0xff, 0x9f, 0xff, 0xff, 0xff,
    0xf5, 0x0, 0x0, 0x6, 0xff, 0xff, 0xff, 0xa0,
    0xaf, 0xff, 0xff, 0xf7, 0x0, 0x0, 0x0, 0x3,
    0xae, 0xfd, 0x70, 0x0, 0x7d, 0xfe, 0xa3, 0x0,
    0x0,

    /* U+0078 "x" */
    0x3, 0xcf, 0xe9, 0x10, 0x0, 0x6d, 0xfd, 0x60,
    0x1e, 0xff, 0xff, 0xd1, 0x9, 0xff, 0xff, 0xf5,
    0x5f, 0xff, 0xff, 0xf9, 0x3f, 0xff, 0xff, 0xfa,
    0x4f, 0xff, 0xff, 0xff, 0xcf, 0xff, 0xff, 0xf9,
    0xe, 0xff, 0xff, 0xff, 0xff, 0xff, 0xff, 0xf4,
    0x4, 0xff, 0xff, 0xff, 0xff, 0xff, 0xff, 0x80,
    0x0, 0x2a, 0xff, 0xff, 0xff, 0xff, 0xc4, 0x0,
    0x0, 0x2a, 0xff, 0xff, 0xff, 0xff, 0xc4, 0x0,
    0x4, 0xff, 0xff, 0xff, 0xff, 0xff, 0xff, 0x80,
    0xe, 0xff, 0xff, 0xff, 0xff, 0xff, 0xff, 0xf4,
    0x4f, 0xff, 0xff, 0xff, 0xcf, 0xff, 0xff, 0xf9,
    0x5f, 0xff, 0xff, 0xf9, 0x3f, 0xff, 0xff, 0xfa,
    0x1e, 0xff, 0xff, 0xd1, 0x9, 0xff, 0xff, 0xf5,
    0x3, 0xcf, 0xe9, 0x10, 0x0, 0x7d, 0xfd, 0x60,

    /* U+0079 "y" */
    0x0, 0x8d, 0xfd, 0x70, 0x0, 0x7, 0xdf, 0xd6,
    0x0, 0xa, 0xff, 0xff, 0xf6, 0x0, 0x8f, 0xff,
    0xff, 0x50, 0x1f, 0xff, 0xff, 0xfc, 0x0, 0xff,
    0xff, 0xff, 0xc0, 0x3f, 0xff, 0xff, 0xfe, 0x1,
    0xff, 0xff, 0xff, 0xf0, 0x4f, 0xff, 0xff, 0xff,
    0x2, 0xff, 0xff, 0xff, 0xf1, 0x4f, 0xff, 0xff,
    0xff, 0x2, 0xff, 0xff, 0xff, 0xf2, 0x4f, 0xff,
    0xff, 0xff, 0x2, 0xff, 0xff, 0xff, 0xf2, 0x4f,
    0xff, 0xff, 0xfe, 0x2, 0xff, 0xff, 0xff, 0xf3,
    0x3f, 0xff, 0xff, 0xff, 0x37, 0xff, 0xff, 0xff,
    0xf3, 0x1f, 0xff, 0xff, 0xff, 0xff, 0xff, 0xff,
    0xff, 0xf2, 0xe, 0xff, 0xff, 0xff, 0xff, 0xff,
    0xff, 0xff, 0xf1, 0x9, 0xff, 0xff, 0xff, 0xfc,
    0xef, 0xff, 0xff, 0xf0, 0x1, 0xef, 0xff, 0xff,
    0xc1, 0xff, 0xff, 0xff, 0xc0, 0x0, 0x2a, 0xef,
    0xc6, 0x6, 0xff, 0xff, 0xff, 0x90, 0x0, 0x0,
    0x0, 0x0, 0x3e, 0xff, 0xff, 0xff, 0x40, 0x0,
    0x18, 0xbc, 0xbc, 0xff, 0xff, 0xff, 0xfe, 0x0,
    0x0, 0xaf, 0xff, 0xff, 0xff, 0xff, 0xff, 0xf6,
    0x0, 0x0, 0xef, 0xff, 0xff, 0xff, 0xff, 0xff,
    0xb0, 0x0, 0x0, 0xcf, 0xff, 0xff, 0xff, 0xff,
    0xfc, 0x0, 0x0, 0x0, 0x6f, 0xff, 0xff, 0xff,
    0xff, 0x80, 0x0, 0x0, 0x0, 0x5, 0xbe, 0xff,
    0xeb, 0x71, 0x0, 0x0, 0x0,

    /* U+007A "z" */
    0x0, 0x6b, 0xde, 0xff, 0xfe, 0xc9, 0x20, 0xc,
    0xff, 0xff, 0xff, 0xff, 0xff, 0xf1, 0x4f, 0xff,
    0xff, 0xff, 0xff, 0xff, 0xf4, 0x5f, 0xff, 0xff,
    0xff, 0xff, 0xff, 0xf2, 0x2f, 0xff, 0xff, 0xff,
    0xff, 0xff, 0x90, 0x7, 0xef, 0xb8, 0xff, 0xff,
    0xfb, 0x0, 0x0, 0x0, 0x4e, 0xff, 0xff, 0xb0,
    0x0, 0x0, 0x6, 0xff, 0xff, 0xf8, 0x0, 0x0,
    0x0, 0x6f, 0xff, 0xff, 0xa9, 0xef, 0xa0, 0x4,
    0xff, 0xff, 0xff, 0xff, 0xff, 0xf7, 0xd, 0xff,
    0xff, 0xff, 0xff, 0xff, 0xfa, 0xf, 0xff, 0xff,
    0xff, 0xff, 0xff, 0xf9, 0xb, 0xff, 0xff, 0xff,
    0xff, 0xff, 0xf2, 0x0, 0x7b, 0xef, 0xff, 0xfe,
    0xc8, 0x10,

    /* U+007B "{" */
    0x0, 0x0, 0x7, 0xce, 0xfe, 0xa2, 0x0, 0x0,
    0x1d, 0xff, 0xff, 0xff, 0xe0, 0x0, 0xa, 0xff,
    0xff, 0xff, 0xff, 0x0, 0x0, 0xff, 0xff, 0xff,
    0xfc, 0x50, 0x0, 0xf, 0xff, 0xff, 0xf2, 0x0,
    0x0, 0x0, 0xdf, 0xff, 0xff, 0x0, 0x0, 0x0,
    0x9, 0xff, 0xff, 0xf3, 0x0, 0x0, 0x0, 0x4f,
    0xff, 0xff, 0x80, 0x0, 0x0, 0x1, 0xff, 0xff,
    0xfc, 0x0, 0x0, 0x0, 0x2f, 0xff, 0xff, 0xe0,
    0x0, 0x0, 0x6e, 0xff, 0xff, 0xfb, 0x0, 0x0,
    0xdf, 0xff, 0xff, 0xfd, 0x20, 0x0, 0x3f, 0xff,
    0xff, 0xfe, 0x20, 0x0, 0x0, 0xbf, 0xff, 0xff,
    0xff, 0x30, 0x0, 0x0, 0x4d, 0xff, 0xff, 0xfc,
    0x0, 0x0, 0x0, 0x1f, 0xff, 0xff, 0xe0, 0x0,
    0x0, 0x1, 0xff, 0xff, 0xfc, 0x0, 0x0, 0x0,
    0x5f, 0xff, 0xff, 0x70, 0x0, 0x0, 0xa, 0xff,
    0xff, 0xf2, 0x0, 0x0, 0x0, 0xef, 0xff, 0xff,
    0x0, 0x0, 0x0, 0xf, 0xff, 0xff, 0xf4, 0x0,
    0x0, 0x0, 0xef, 0xff, 0xff, 0xff, 0x70, 0x0,
    0x9, 0xff, 0xff, 0xff, 0xff, 0x0, 0x0, 0xc,
    0xff, 0xff, 0xff, 0xc0, 0x0, 0x0, 0x5, 0xac,
    0xdc, 0x81, 0x0,

    /* U+007C "|" */
    0x3, 0xde, 0x60, 0xc, 0xff, 0xf0, 0xe, 0xff,
    0xf2, 0xf, 0xff, 0xf3, 0x1f, 0xff, 0xf5, 0x2f,
    0xff, 0xf6, 0x3f, 0xff, 0xf7, 0x3f, 0xff, 0xf7,
    0x4f, 0xff, 0xf7, 0x4f, 0xff, 0xf8, 0x4f, 0xff,
    0xf8, 0x4f, 0xff, 0xf8, 0x4f, 0xff, 0xf8, 0x4f,
    0xff, 0xf8, 0x4f, 0xff, 0xf8, 0x4f, 0xff, 0xf8,
    0x4f, 0xff, 0xf7, 0x3f, 0xff, 0xf7, 0x3f, 0xff,
    0xf6, 0x2f, 0xff, 0xf6, 0x1f, 0xff, 0xf5, 0xf,
    0xff, 0xf3, 0xe, 0xff, 0xf2, 0xb, 0xff, 0xf0,
    0x2, 0xcd, 0x50,

    /* U+007D "}" */
    0x4, 0xce, 0xfe, 0xb5, 0x0, 0x0, 0x1, 0xff,
    0xff, 0xff, 0xfb, 0x0, 0x0, 0x3f, 0xff, 0xff,
    0xff, 0xf6, 0x0, 0x0, 0x8d, 0xff, 0xff, 0xff,
    0xb0, 0x0, 0x0, 0x6, 0xff, 0xff, 0xfc, 0x0,
    0x0, 0x0, 0x4f, 0xff, 0xff, 0xa0, 0x0, 0x0,
    0x7, 0xff, 0xff, 0xf5, 0x0, 0x0, 0x0, 0xcf,
    0xff, 0xff, 0x10, 0x0, 0x0, 0xf, 0xff, 0xff,
    0xd0, 0x0, 0x0, 0x2, 0xff, 0xff, 0xfe, 0x0,
    0x0, 0x0, 0xf, 0xff, 0xff, 0xfd, 0x40, 0x0,
    0x0, 0x5f, 0xff, 0xff, 0xff, 0xb0, 0x0, 0x0,
    0x4f, 0xff, 0xff, 0xff, 0x0, 0x0, 0x7f, 0xff,
    0xff, 0xff, 0x80, 0x0, 0xf, 0xff, 0xff, 0xfb,
    0x20, 0x0, 0x2, 0xff, 0xff, 0xfd, 0x0, 0x0,
    0x0, 0xf, 0xff, 0xff, 0xd0, 0x0, 0x0, 0x0,
    0xbf, 0xff, 0xff, 0x10, 0x0, 0x0, 0x6, 0xff,
    0xff, 0xf6, 0x0, 0x0, 0x0, 0x4f, 0xff, 0xff,
    0xa0, 0x0, 0x0, 0x8, 0xff, 0xff, 0xfc, 0x0,
    0x0, 0xaf, 0xff, 0xff, 0xff, 0xb0, 0x0, 0x3f,
    0xff, 0xff, 0xff, 0xf5, 0x0, 0x1, 0xff, 0xff,
    0xff, 0xf9, 0x0, 0x0, 0x2, 0x9c, 0xdc, 0x93,
    0x0, 0x0, 0x0,

    /* U+007E "~" */
    0x0, 0x8e, 0xfd, 0x80, 0x1, 0x77, 0x10, 0x8,
    0xff, 0xff, 0xfc, 0x1a, 0xff, 0xc0, 0x1f, 0xff,
    0xff, 0xff, 0xef, 0xff, 0xf0, 0x3f, 0xff, 0xff,
    0xff, 0xff, 0xff, 0xf0, 0x3f, 0xff, 0xee, 0xff,
    0xff, 0xff, 0xd0, 0xe, 0xff, 0x72, 0xef, 0xff,
    0xff, 0x50, 0x2, 0x76, 0x0, 0x1a, 0xef, 0xd6,
    0x0
};


/*---------------------
 *  GLYPH DESCRIPTION
 *--------------------*/

static const lv_font_fmt_txt_glyph_dsc_t glyph_dsc[] = {
    {.bitmap_index = 0, .adv_w = 0, .box_w = 0, .box_h = 0, .ofs_x = 0, .ofs_y = 0} /* id = 0 reserved */,
    {.bitmap_index = 0, .adv_w = 125, .box_w = 0, .box_h = 0, .ofs_x = 0, .ofs_y = 0},
    {.bitmap_index = 0, .adv_w = 139, .box_w = 9, .box_h = 19, .ofs_x = 0, .ofs_y = 0},
    {.bitmap_index = 86, .adv_w = 242, .box_w = 15, .box_h = 10, .ofs_x = 0, .ofs_y = 11},
    {.bitmap_index = 161, .adv_w = 317, .box_w = 20, .box_h = 19, .ofs_x = 0, .ofs_y = 0},
    {.bitmap_index = 351, .adv_w = 259, .box_w = 16, .box_h = 26, .ofs_x = 0, .ofs_y = -3},
    {.bitmap_index = 559, .adv_w = 413, .box_w = 26, .box_h = 19, .ofs_x = 0, .ofs_y = 0},
    {.bitmap_index = 806, .adv_w = 330, .box_w = 21, .box_h = 19, .ofs_x = 0, .ofs_y = 0},
    {.bitmap_index = 1006, .adv_w = 119, .box_w = 7, .box_h = 10, .ofs_x = 0, .ofs_y = 11},
    {.bitmap_index = 1041, .adv_w = 187, .box_w = 11, .box_h = 25, .ofs_x = 0, .ofs_y = -4},
    {.bitmap_index = 1179, .adv_w = 187, .box_w = 11, .box_h = 25, .ofs_x = 0, .ofs_y = -4},
    {.bitmap_index = 1317, .adv_w = 211, .box_w = 13, .box_h = 13, .ofs_x = 0, .ofs_y = 6},
    {.bitmap_index = 1402, .adv_w = 247, .box_w = 15, .box_h = 15, .ofs_x = 0, .ofs_y = 0},
    {.bitmap_index = 1515, .adv_w = 128, .box_w = 8, .box_h = 11, .ofs_x = 0, .ofs_y = -5},
    {.bitmap_index = 1559, .adv_w = 238, .box_w = 15, .box_h = 6, .ofs_x = 0, .ofs_y = 5},
    {.bitmap_index = 1604, .adv_w = 123, .box_w = 7, .box_h = 7, .ofs_x = 0, .ofs_y = 0},
    {.bitmap_index = 1629, .adv_w = 221, .box_w = 14, .box_h = 24, .ofs_x = 0, .ofs_y = -5},
    {.bitmap_index = 1797, .adv_w = 553, .box_w = 31, .box_h = 19, .ofs_x = 2, .ofs_y = 0},
    {.bitmap_index = 2092, .adv_w = 553, .box_w = 31, .box_h = 19, .ofs_x = 2, .ofs_y = 0},
    {.bitmap_index = 2387, .adv_w = 553, .box_w = 31, .box_h = 19, .ofs_x = 2, .ofs_y = 0},
    {.bitmap_index = 2682, .adv_w = 553, .box_w = 31, .box_h = 19, .ofs_x = 2, .ofs_y = 0},
    {.bitmap_index = 2977, .adv_w = 553, .box_w = 31, .box_h = 19, .ofs_x = 2, .ofs_y = 0},
    {.bitmap_index = 3272, .adv_w = 553, .box_w = 31, .box_h = 19, .ofs_x = 2, .ofs_y = 0},
    {.bitmap_index = 3567, .adv_w = 553, .box_w = 31, .box_h = 19, .ofs_x = 2, .ofs_y = 0},
    {.bitmap_index = 3862, .adv_w = 553, .box_w = 31, .box_h = 19, .ofs_x = 2, .ofs_y = 0},
    {.bitmap_index = 4157, .adv_w = 553, .box_w = 31, .box_h = 19, .ofs_x = 2, .ofs_y = 0},
    {.bitmap_index = 4452, .adv_w = 553, .box_w = 31, .box_h = 19, .ofs_x = 2, .ofs_y = 0},
    {.bitmap_index = 4747, .adv_w = 108, .box_w = 7, .box_h = 14, .ofs_x = 0, .ofs_y = 0},
    {.bitmap_index = 4796, .adv_w = 115, .box_w = 7, .box_h = 19, .ofs_x = 0, .ofs_y = -5},
    {.bitmap_index = 4863, .adv_w = 209, .box_w = 13, .box_h = 13, .ofs_x = 0, .ofs_y = 1},
    {.bitmap_index = 4948, .adv_w = 211, .box_w = 13, .box_h = 10, .ofs_x = 0, .ofs_y = 2},
    {.bitmap_index = 5013, .adv_w = 209, .box_w = 13, .box_h = 13, .ofs_x = 0, .ofs_y = 1},
    {.bitmap_index = 5098, .adv_w = 223, .box_w = 14, .box_h = 19, .ofs_x = 0, .ofs_y = 0},
    {.bitmap_index = 5231, .adv_w = 383, .box_w = 24, .box_h = 23, .ofs_x = 0, .ofs_y = -4},
    {.bitmap_index = 5507, .adv_w = 289, .box_w = 18, .box_h = 19, .ofs_x = 0, .ofs_y = 0},
    {.bitmap_index = 5678, .adv_w = 275, .box_w = 17, .box_h = 19, .ofs_x = 0, .ofs_y = 0},
    {.bitmap_index = 5840, .adv_w = 288, .box_w = 18, .box_h = 19, .ofs_x = 0, .ofs_y = 0},
    {.bitmap_index = 6011, .adv_w = 290, .box_w = 18, .box_h = 19, .ofs_x = 0, .ofs_y = 0},
    {.bitmap_index = 6182, .adv_w = 264, .box_w = 16, .box_h = 19, .ofs_x = 0, .ofs_y = 0},
    {.bitmap_index = 6334, .adv_w = 263, .box_w = 16, .box_h = 19, .ofs_x = 0, .ofs_y = 0},
    {.bitmap_index = 6486, .adv_w = 298, .box_w = 18, .box_h = 19, .ofs_x = 0, .ofs_y = 0},
    {.bitmap_index = 6657, .adv_w = 308, .box_w = 19, .box_h = 19, .ofs_x = 0, .ofs_y = 0},
    {.bitmap_index = 6838, .adv_w = 151, .box_w = 9, .box_h = 19, .ofs_x = 0, .ofs_y = 0},
    {.bitmap_index = 6924, .adv_w = 297, .box_w = 18, .box_h = 19, .ofs_x = 0, .ofs_y = 0},
    {.bitmap_index = 7095, .adv_w = 289, .box_w = 18, .box_h = 19, .ofs_x = 0, .ofs_y = 0},
    {.bitmap_index = 7266, .adv_w = 265, .box_w = 16, .box_h = 19, .ofs_x = 0, .ofs_y = 0},
    {.bitmap_index = 7418, .adv_w = 343, .box_w = 21, .box_h = 19, .ofs_x = 0, .ofs_y = 0},
    {.bitmap_index = 7618, .adv_w = 318, .box_w = 20, .box_h = 19, .ofs_x = 0, .ofs_y = 0},
    {.bitmap_index = 7808, .adv_w = 329, .box_w = 20, .box_h = 19, .ofs_x = 0, .ofs_y = 0},
    {.bitmap_index = 7998, .adv_w = 284, .box_w = 18, .box_h = 19, .ofs_x = 0, .ofs_y = 0},
    {.bitmap_index = 8169, .adv_w = 329, .box_w = 20, .box_h = 24, .ofs_x = 0, .ofs_y = -5},
    {.bitmap_index = 8409, .adv_w = 285, .box_w = 18, .box_h = 19, .ofs_x = 0, .ofs_y = 0},
    {.bitmap_index = 8580, .adv_w = 259, .box_w = 16, .box_h = 19, .ofs_x = 0, .ofs_y = 0},
    {.bitmap_index = 8732, .adv_w = 306, .box_w = 19, .box_h = 19, .ofs_x = 0, .ofs_y = 0},
    {.bitmap_index = 8913, .adv_w = 306, .box_w = 19, .box_h = 19, .ofs_x = 0, .ofs_y = 0},
    {.bitmap_index = 9094, .adv_w = 318, .box_w = 20, .box_h = 19, .ofs_x = 0, .ofs_y = 0},
    {.bitmap_index = 9284, .adv_w = 430, .box_w = 27, .box_h = 19, .ofs_x = 0, .ofs_y = 0},
    {.bitmap_index = 9541, .adv_w = 314, .box_w = 20, .box_h = 19, .ofs_x = 0, .ofs_y = 0},
    {.bitmap_index = 9731, .adv_w = 319, .box_w = 20, .box_h = 19, .ofs_x = 0, .ofs_y = 0},
    {.bitmap_index = 9921, .adv_w = 275, .box_w = 17, .box_h = 19, .ofs_x = 0, .ofs_y = 0},
    {.bitmap_index = 10083, .adv_w = 165, .box_w = 10, .box_h = 25, .ofs_x = 0, .ofs_y = -4},
    {.bitmap_index = 10208, .adv_w = 221, .box_w = 14, .box_h = 24, .ofs_x = 0, .ofs_y = -5},
    {.bitmap_index = 10376, .adv_w = 166, .box_w = 11, .box_h = 25, .ofs_x = 0, .ofs_y = -4},
    {.bitmap_index = 10514, .adv_w = 214, .box_w = 13, .box_h = 13, .ofs_x = 0, .ofs_y = 7},
    {.bitmap_index = 10599, .adv_w = 239, .box_w = 15, .box_h = 5, .ofs_x = 0, .ofs_y = -5},
    {.bitmap_index = 10637, .adv_w = 119, .box_w = 8, .box_h = 7, .ofs_x = 0, .ofs_y = 14},
    {.bitmap_index = 10665, .adv_w = 286, .box_w = 18, .box_h = 14, .ofs_x = 0, .ofs_y = 0},
    {.bitmap_index = 10791, .adv_w = 284, .box_w = 18, .box_h = 21, .ofs_x = 0, .ofs_y = 0},
    {.bitmap_index = 10980, .adv_w = 234, .box_w = 14, .box_h = 14, .ofs_x = 0, .ofs_y = 0},
    {.bitmap_index = 11078, .adv_w = 284, .box_w = 18, .box_h = 21, .ofs_x = 0, .ofs_y = 0},
    {.bitmap_index = 11267, .adv_w = 242, .box_w = 15, .box_h = 14, .ofs_x = 0, .ofs_y = 0},
    {.bitmap_index = 11372, .adv_w = 267, .box_w = 17, .box_h = 21, .ofs_x = 0, .ofs_y = 0},
    {.bitmap_index = 11551, .adv_w = 286, .box_w = 18, .box_h = 21, .ofs_x = 0, .ofs_y = -7},
    {.bitmap_index = 11740, .adv_w = 294, .box_w = 18, .box_h = 21, .ofs_x = 0, .ofs_y = 0},
    {.bitmap_index = 11929, .adv_w = 147, .box_w = 9, .box_h = 19, .ofs_x = 0, .ofs_y = 0},
    {.bitmap_index = 12015, .adv_w = 152, .box_w = 13, .box_h = 26, .ofs_x = -4, .ofs_y = -7},
    {.bitmap_index = 12184, .adv_w = 284, .box_w = 18, .box_h = 21, .ofs_x = 0, .ofs_y = 0},
    {.bitmap_index = 12373, .adv_w = 150, .box_w = 9, .box_h = 21, .ofs_x = 0, .ofs_y = 0},
    {.bitmap_index = 12468, .adv_w = 406, .box_w = 25, .box_h = 14, .ofs_x = 0, .ofs_y = 0},
    {.bitmap_index = 12643, .adv_w = 291, .box_w = 18, .box_h = 14, .ofs_x = 0, .ofs_y = 0},
    {.bitmap_index = 12769, .adv_w = 268, .box_w = 17, .box_h = 14, .ofs_x = 0, .ofs_y = 0},
    {.bitmap_index = 12888, .adv_w = 284, .box_w = 18, .box_h = 21, .ofs_x = 0, .ofs_y = -7},
    {.bitmap_index = 13077, .adv_w = 284, .box_w = 18, .box_h = 21, .ofs_x = 0, .ofs_y = -7},
    {.bitmap_index = 13266, .adv_w = 249, .box_w = 15, .box_h = 14, .ofs_x = 0, .ofs_y = 0},
    {.bitmap_index = 13371, .adv_w = 220, .box_w = 14, .box_h = 14, .ofs_x = 0, .ofs_y = 0},
    {.bitmap_index = 13469, .adv_w = 240, .box_w = 15, .box_h = 18, .ofs_x = 0, .ofs_y = 0},
    {.bitmap_index = 13604, .adv_w = 291, .box_w = 18, .box_h = 14, .ofs_x = 0, .ofs_y = 0},
    {.bitmap_index = 13730, .adv_w = 268, .box_w = 17, .box_h = 14, .ofs_x = 0, .ofs_y = 0},
    {.bitmap_index = 13849, .adv_w = 368, .box_w = 23, .box_h = 14, .ofs_x = 0, .ofs_y = 0},
    {.bitmap_index = 14010, .adv_w = 261, .box_w = 16, .box_h = 14, .ofs_x = 0, .ofs_y = 0},
    {.bitmap_index = 14122, .adv_w = 287, .box_w = 18, .box_h = 21, .ofs_x = 0, .ofs_y = -7},
    {.bitmap_index = 14311, .adv_w = 229, .box_w = 14, .box_h = 14, .ofs_x = 0, .ofs_y = 0},
    {.bitmap_index = 14409, .adv_w = 204, .box_w = 13, .box_h = 25, .ofs_x = 0, .ofs_y = -4},
    {.bitmap_index = 14572, .adv_w = 100, .box_w = 6, .box_h = 25, .ofs_x = 0, .ofs_y = -4},
    {.bitmap_index = 14647, .adv_w = 204, .box_w = 13, .box_h = 25, .ofs_x = 0, .ofs_y = -4},
    {.bitmap_index = 14810, .adv_w = 221, .box_w = 14, .box_h = 7, .ofs_x = 0, .ofs_y = 4}
};

/*---------------------
 *  CHARACTER MAPPING
 *--------------------*/



/*Collect the unicode lists and glyph_id offsets*/
static const lv_font_fmt_txt_cmap_t cmaps[] =
{
    {
        .range_start = 32, .range_length = 95, .glyph_id_start = 1,
        .unicode_list = NULL, .glyph_id_ofs_list = NULL, .list_length = 0, .type = LV_FONT_FMT_TXT_CMAP_FORMAT0_TINY
    }
};

/*-----------------
 *    KERNING
 *----------------*/


/*Map glyph_ids to kern left classes*/
static const uint8_t kern_left_class_mapping[] =
{
    0, 0, 0, 0, 0, 1, 2, 0,
    0, 0, 0, 0, 0, 0, 0, 0,
    0, 3, 4, 5, 6, 7, 8, 9,
    10, 11, 3, 0, 0, 0, 0, 0,
    0, 0, 12, 13, 14, 15, 16, 17,
    18, 19, 19, 20, 21, 22, 19, 19,
    15, 23, 15, 24, 25, 26, 27, 28,
    29, 30, 31, 32, 0, 0, 0, 0,
    0, 0, 33, 34, 35, 36, 37, 38,
    39, 40, 41, 42, 43, 36, 40, 40,
    34, 34, 44, 45, 46, 47, 33, 48,
    49, 50, 39, 51, 0, 0, 0, 0
};

/*Map glyph_ids to kern right classes*/
static const uint8_t kern_right_class_mapping[] =
{
    0, 0, 0, 0, 0, 1, 2, 0,
    0, 0, 0, 0, 0, 3, 0, 3,
    0, 4, 5, 6, 7, 8, 9, 4,
    10, 11, 12, 0, 0, 0, 0, 0,
    0, 0, 13, 14, 15, 14, 14, 14,
    15, 14, 14, 16, 14, 17, 14, 14,
    15, 14, 15, 14, 18, 19, 20, 21,
    22, 23, 24, 25, 0, 0, 0, 0,
    3, 0, 26, 27, 26, 26, 26, 28,
    29, 27, 30, 31, 27, 27, 32, 32,
    26, 33, 26, 32, 34, 35, 36, 37,
    38, 39, 40, 41, 0, 0, 0, 0
};

/*Kern values between classes*/
static const int8_t kern_class_values[] =
{
    0, 0, 0, -8, 0, -3, 0, -4,
    -2, 0, -1, -7, 0, 0, 0, 0,
    0, 0, 0, 0, 0, 0, 0, 0,
    0, 0, 0, 0, 0, 0, 0, 0,
    0, 0, 0, 0, 0, 0, 0, 0,
    0, 0, 0, 0, -5, -23, -6, -5,
    -8, -8, -34, -2, -19, 0, 0, 0,
    0, 0, 0, 0, 0, 0, 0, 0,
    0, 0, 0, 0, 0, 0, 0, 0,
    0, 0, 0, 0, 0, 0, 0, 0,
    0, 0, -6, -5, 0, 0, -14, -14,
    -15, -4, -7, -13, -9, -8, 0, 0,
    0, 0, 0, 0, 0, 0, 0, 0,
    0, 0, 0, 0, 0, 0, 0, 0,
    0, 0, 0, 0, 0, 0, 0, 0,
    0, 0, 0, 0, -3, 0, -1, -4,
    -8, -9, -2, -2, -6, -5, -2, 0,
    0, 0, 0, 0, 0, 0, 0, 0,
    0, 0, 0, 0, 0, 0, 0, 0,
    0, 0, 0, 0, 0, 0, 0, 0,
    0, 0, 0, 0, -2, -6, 0, -13,
    -3, -5, -7, -24, -4, -5, -6, -9,
    0, 0, 0, 0, 0, 0, 0, 0,
    0, 0, 0, 0, 0, 0, 0, 0,
    0, 0, 0, 0, 0, 0, 0, 0,
    0, 0, 0, 0, 0, -4, -7, 0,
    -9, -11, -9, -7, -9, -6, -9, -4,
    -10, 0, 0, 0, 0, 0, 0, 0,
    0, 0, 0, 0, 0, 0, 0, 0,
    0, 0, 0, 0, 0, 0, 0, 0,
    0, 0, 0, 0, 0, 0, -4, -28,
    0, -5, -25, -16, -13, -2, -15, -28,
    0, -25, 0, 0, 0, 0, 0, 0,
    0, 0, 0, 0, 0, 0, 0, 0,
    0, 0, 0, 0, 0, 0, 0, 0,
    0, 0, 0, 0, 0, 0, 0, -5,
    -13, 0, -5, -12, -10, -9, -5, -10,
    -7, -2, -17, 0, 0, 0, 0, 0,
    0, 0, 0, 0, 0, 0, 0, 0,
    0, 0, 0, 0, 0, 0, 0, 0,
    0, 0, 0, 0, 0, 0, 0, 0,
    -3, -20, 0, -6, -18, -8, -7, -8,
    -6, -16, -3, -19, 0, 0, 0, 0,
    0, 0, 0, 0, 0, 0, 0, 0,
    0, 0, 0, 0, 0, 0, 0, 0,
    0, 0, 0, 0, 0, 0, 0, 0,
    0, 0, -1, 0, -9, 1, -3, -3,
    -17, -1, 0, -15, -1, 0, 0, 0,
    0, 0, 0, 0, 0, 0, 0, 0,
    0, 0, 0, 0, 0, 0, 0, 0,
    0, 0, 0, 0, 0, 0, 0, 0,
    0, 0, -4, -17, 0, -9, -21, -9,
    -9, -8, -7, -16, 0, -19, 0, 0,
    0, 0, 0, 0, 0, 0, 0, 0,
    0, 0, 0, 0, 0, 0, 0, 0,
    0, 0, 0, 0, 0, 0, 0, 0,
    0, 0, 0, 0, 0, 0, 0, 0,
    0, 0, 0, 0, 0, 0, 0, 0,
    -2, -4, 0, -1, 0, -35, -4, -21,
    -6, 0, -30, -10, -1, -1, -17, -2,
    0, 0, 0, 0, -1, -17, -1, -7,
    -5, -2, 0, -10, 0, 0, 0, 0,
    0, 0, 0, 0, 0, 0, 0, 0,
    -2, -4, -9, -7, -4, -3, -6, -3,
    -2, -1, -6, -2, -5, -6, -4, -9,
    -6, -3, -6, -2, 0, -9, -8, -4,
    -10, -9, -10, -4, -10, 0, 0, 0,
    0, 0, 0, 0, 0, 0, 0, 0,
    0, 0, -5, -11, -9, -6, -3, -4,
    -6, 0, -2, -4, -2, -4, -7, -3,
    -13, -4, -1, -4, -2, -1, -7, -11,
    -2, -13, -7, -8, -4, -14, 0, 0,
    0, 0, 0, 0, 0, 0, 0, 0,
    0, 0, -4, -1, -1, -6, -1, -11,
    -18, 0, -7, -1, -17, -13, -19, -3,
    0, -2, -4, 0, -2, -1, -3, -1,
    -1, -1, 0, 0, -2, -1, -3, 0,
    0, 0, 0, 0, 0, 0, 0, 0,
    0, 0, 0, 0, -9, -18, -13, -9,
    -2, -3, -6, 0, -4, -1, -1, -2,
    -9, -6, -28, -9, -2, -2, -2, 0,
    -1, -25, -6, -21, -14, -1, -6, -7,
    0, 0, 0, 0, 0, 0, 0, 0,
    0, 0, 0, 0, -30, -9, -22, -29,
    -9, -5, 0, -6, 0, -4, 0, 0,
    -1, -28, -4, -30, -27, 0, -3, -26,
    -29, -24, -30, -26, -21, -21, -27, -24,
    -26, 0, 0, 0, 0, 0, 0, 0,
    0, 0, 0, 0, 0, 0, -4, -9,
    -5, -3, -1, -12, -9, -10, -12, -1,
    -10, -12, 0, -1, -24, -1, 0, 0,
    0, 0, -2, -23, -1, -9, -5, -4,
    0, -7, 0, 0, 0, 0, 0, 0,
    0, 0, 0, 0, 0, 0, -2, -1,
    -1, -4, -1, -4, -9, -1, -4, -1,
    -6, -6, -9, -2, 0, -2, -2, -2,
    0, 0, -1, -1, 0, 0, 0, 0,
    -2, 0, -1, 0, 0, 0, 0, 0,
    0, 0, 0, 0, 0, 0, 0, -8,
    -2, -3, -8, 0, -4, -6, 0, 0,
    0, -8, -2, -10, -2, 0, 0, -3,
    0, 0, -2, -3, 0, 0, 0, 0,
    0, 0, 0, 0, 0, 0, 0, 0,
    0, 0, 0, 0, 0, 0, 0, 0,
    0, -6, -13, -9, -6, -1, -8, -14,
    -8, -11, 0, -6, -8, -4, -3, -33,
    -6, 0, 0, 0, 0, 0, -30, -2,
    -16, -9, -1, -3, -4, 0, 0, 0,
    0, 0, 0, 0, 0, 0, 0, 0,
    0, 0, -8, -16, -9, -8, -4, -81,
    -15, -47, -20, -1, -87, -14, -5, -5,
    -51, -6, 0, -3, -1, 0, -2, -47,
    -4, -19, -10, -4, -4, -9, 0, 0,
    0, 0, 0, 0, 0, 0, 0, 0,
    0, 0, -16, -2, -6, -19, 0, -4,
    -7, -2, -1, 0, -9, -3, -9, -15,
    -1, -3, -15, -7, -7, -8, -13, -5,
    -1, -6, -3, -4, -5, -8, -4, 0,
    0, 0, 0, 0, 0, 0, 0, 0,
    0, 0, 0, 0, -6, -10, -12, -4,
    -5, -13, -9, -7, -6, -2, -9, -13,
    -8, -6, -10, -7, -2, -2, -3, -1,
    -3, -7, -4, -9, -10, -2, -4, -7,
    0, 0, 0, 0, 0, 0, 0, 0,
    0, 0, 0, 0, 0, -5, -10, -4,
    -2, -4, -4, -8, -1, -3, -2, -1,
    -3, -3, -4, -17, -4, -5, -2, -1,
    -3, -7, -16, -3, -13, -5, -6, -3,
    -13, 0, 0, 0, 0, 0, 0, 0,
    0, 0, 0, 0, 0, -35, -9, -18,
    -72, -8, -5, 0, -6, -1, -2, -2,
    -1, -1, -54, -2, -26, -49, -2, -7,
    -34, -37, -40, -22, -34, -29, -27, -26,
    -33, -32, 0, 0, 0, 0, 0, 0,
    0, 0, 0, 0, 0, 0, -4, -1,
    0, -5, 0, -6, -6, 0, -1, 0,
    -7, -3, -8, -3, 0, 0, -3, 0,
    0, 0, -5, 0, 0, 0, 0, 0,
    -3, 0, -1, 0, 0, 0, 0, 0,
    0, 0, 0, 0, 0, 0, 0, -21,
    -4, -7, -21, 0, -1, -1, -1, 0,
    0, -1, 0, 0, -17, 0, -5, -18,
    0, 0, -11, -16, -9, -1, -8, -4,
    -9, -7, -10, -7, 0, 0, 0, 0,
    0, 0, 0, 0, 0, 0, 0, 0,
    -6, -1, -1, -7, 0, -1, -2, 0,
    0, 0, -4, -1, -4, -5, 0, 0,
    -6, -1, -1, -2, -6, -1, 0, 0,
    0, 0, -1, 0, 0, 0, 0, 0,
    0, 0, 0, 0, 0, 0, 0, 0,
    0, 0, -6, -17, -12, -5, -2, -2,
    -7, -1, -4, 0, 0, -1, -8, -3,
    -25, -9, -1, 0, -3, 0, -2, -23,
    -5, -19, -14, -2, -5, -7, 0, 0,
    0, 0, 0, 0, 0, 0, 0, 0,
    0, 0, -30, -6, -13, -42, -4, -1,
    -1, -3, 0, -1, 0, 0, 0, -34,
    0, -13, -31, -1, 0, -21, -23, -17,
    -10, -20, -13, -13, -13, -17, -13, 0,
    0, 0, 0, 0, 0, 0, 0, 0,
    0, 0, 0, 0, -9, -19, -12, -9,
    -4, -12, -17, -10, -13, -1, -11, -12,
    -8, -8, -31, -7, -5, -3, -2, -1,
    -2, -29, -6, -26, -15, -1, -6, -9,
    0, 0, -7, 0, 0, 0, 0, 0,
    0, 0, 0, 0, -1, -2, -1, 0,
    0, -4, -33, -1, -10, -3, -2, -20,
    -13, -1, 0, -4, -1, 0, 0, -1,
    -1, -2, -6, 0, -1, -1, -2, 0,
    -5, 0, 0, -10, 0, 0, 0, 0,
    0, 0, 0, 0, 0, -1, -2, -3,
    -1, 0, -7, -54, -3, -18, -5, -8,
    -34, -16, 0, -1, -13, -1, -2, -1,
    0, -1, -5, -15, 0, -3, -2, -9,
    -1, -8, 0, 0, -7, 0, 0, 0,
    0, 0, 0, 0, 0, 0, -1, -4,
    -2, -7, -2, -3, -33, -3, -9, -2,
    -3, -14, -11, -8, -1, -2, -9, -3,
    -1, -3, -1, -2, -2, -3, 0, -2,
    -2, -4, -3, 0, 0, -7, 0, 0,
    0, 0, 0, 0, 0, 0, 0, -1,
    0, 0, -1, 0, -1, -2, 0, 0,
    0, -3, 0, -2, -1, 0, -2, -2,
    0, 0, 0, -1, 0, 0, 0, 0,
    0, -2, 0, 0, 0, 0, -2, 0,
    0, 0, 0, 0, 0, 0, 0, 0,
    -3, -10, -9, -12, -8, -3, -43, -10,
    -16, -8, -4, -24, -10, -11, -6, -9,
    -13, 0, -3, -4, -3, -2, -9, -7,
    -5, -6, -4, -7, -7, 0, 0, -66,
    0, 0, 0, 0, 0, 0, 0, 0,
    0, -26, -13, -13, -25, -9, -10, -5,
    -9, -4, -8, -2, -3, -3, -25, -6,
    -10, -22, 0, 0, -17, -19, -13, -9,
    -13, -11, -13, -12, -16, -12, 0, 0,
    -2, 0, 0, 0, 0, 0, 0, 0,
    0, 0, 0, -2, -2, 0, -1, -4,
    -30, -1, -12, -4, -2, -18, -12, -3,
    0, -6, -2, -1, 0, -2, -1, -4,
    -7, 0, -2, -1, -4, -1, -4, 0,
    0, -1, 0, 0, 0, 0, 0, 0,
    0, 0, 0, 0, -2, -2, -1, 0,
    -3, -40, -4, -15, -6, -2, -26, -12,
    0, 0, -9, -2, 0, -2, 0, 0,
    -2, -9, 0, -2, -2, -4, -1, -6,
    0, 0, -1, 0, 0, 0, 0, 0,
    0, 0, 0, 0, 0, -2, -1, 0,
    0, -3, -2, 0, -2, -1, -1, -1,
    -5, -2, 0, -4, 0, 0, 0, 0,
    0, -2, -6, 0, -2, -1, -2, 0,
    -3, 0, 0, 0, 0, 0, 0, 0,
    0, 0, 0, 0, 0, 0, -2, -4,
    0, 0, -3, -8, -3, -6, -2, -1,
    -8, -6, -1, 0, -6, -1, 0, 0,
    0, 0, 0, -10, 0, -2, -1, -2,
    0, -5, 0, 0, 0, 0, 0, 0,
    0, 0, 0, 0, 0, 0, -2, -8,
    -10, -9, -5, -2, -30, -10, -14, -9,
    0, -19, -7, -9, -7, -8, -9, -3,
    0, -2, 0, -1, -10, -5, -9, -12,
    -1, -7, -7, 0, 0, 0, 0, 0,
    0, 0, 0, 0, 0, 0, 0, 0,
    -3, -3, 0, -1, -3, -39, -6, -15,
    -4, 0, -25, -8, 0, -1, -9, -1,
    0, 0, 0, 0, 0, -10, -1, -3,
    -2, -1, -1, -6, 0, 0, -40, 0,
    0, 0, 0, 0, 0, 0, 0, 0,
    -11, -3, -2, -7, -1, -9, -21, -1,
    -6, 0, -23, -13, -27, -8, -1, 0,
    -8, -5, -6, -4, -8, -1, -2, -5,
    -1, -1, -4, -4, -2, 0, 0, -1,
    0, 0, 0, 0, 0, 0, 0, 0,
    0, 0, -2, -3, -9, -2, -4, -29,
    -3, -7, 0, -2, -13, -10, -7, -2,
    0, -7, -2, -1, -3, -1, -3, -2,
    -3, 0, -3, -2, -4, -2, 0, 0,
    -2, 0, 0, 0, 0, 0, 0, 0,
    0, 0, 0, -7, -9, -7, -4, -3,
    -23, -7, -9, -6, 0, -14, -10, -6,
    -5, -4, -7, -2, 0, -2, 0, -2,
    -7, -6, -8, -9, -3, -7, -9, 0,
    0, -30, 0, 0, 0, 0, 0, 0,
    0, 0, 0, -7, 0, 0, -3, 0,
    -9, -29, 0, -4, 0, -19, -13, -26,
    -4, 0, 0, -4, -2, -2, -1, -2,
    0, -1, -1, 0, 0, -1, -1, 0,
    0, 0, -20, 0, 0, 0, 0, 0,
    0, 0, 0, 0, -5, 0, 0, -1,
    0, -10, -27, 0, -9, 0, -14, -13,
    -20, -1, 0, -1, -2, -1, -2, -1,
    -1, -1, -3, -1, 0, 0, -3, 0,
    0, 0, 0, -4, 0, 0, 0, 0,
    0, 0, 0, 0, 0, -2, -2, -3,
    -12, 0, -4, -26, -3, -7, -1, -2,
    -13, -9, -9, -2, -1, -9, -2, 0,
    -4, -1, -1, -1, -2, -1, -3, -3,
    -4, -2, 0, 0, -4, 0, 0, 0,
    0, 0, 0, 0, 0, 0, -1, -7,
    -9, -9, -7, -4, -32, -7, -8, -4,
    -1, -17, -11, -10, -6, -6, -9, -3,
    -3, -4, -1, -2, -7, -7, -7, -9,
    -2, -6, -7
};


/*Collect the kern class' data in one place*/
static const lv_font_fmt_txt_kern_classes_t kern_classes =
{
    .class_pair_values   = kern_class_values,
    .left_class_mapping  = kern_left_class_mapping,
    .right_class_mapping = kern_right_class_mapping,
    .left_class_cnt      = 51,
    .right_class_cnt     = 41,
};

/*--------------------
 *  ALL CUSTOM DATA
 *--------------------*/

#if LVGL_VERSION_MAJOR == 8
/*Store all the custom data of the font*/
static  lv_font_fmt_txt_glyph_cache_t cache;
#endif

#if LVGL_VERSION_MAJOR >= 8
static const lv_font_fmt_txt_dsc_t font_dsc = {
#else
static lv_font_fmt_txt_dsc_t font_dsc = {
#endif
    .glyph_bitmap = glyph_bitmap,
    .glyph_dsc = glyph_dsc,
    .cmaps = cmaps,
    .kern_dsc = &kern_classes,
    .kern_scale = 16,
    .cmap_num = 1,
    .bpp = 4,
    .kern_classes = 1,
    .bitmap_format = 0,
#if LVGL_VERSION_MAJOR == 8
    .cache = &cache
#endif

};



/*-----------------
 *  PUBLIC FONT
 *----------------*/

/*Initialize a public general font descriptor*/
#if LVGL_VERSION_MAJOR >= 8
const lv_font_t mochi_boom_28 = {
#else
lv_font_t mochi_boom_28 = {
#endif
    .get_glyph_dsc = lv_font_get_glyph_dsc_fmt_txt,    /*Function pointer to get glyph's data*/
    .get_glyph_bitmap = lv_font_get_bitmap_fmt_txt,    /*Function pointer to get glyph's bitmap*/
    .line_height = 30,          /*The maximum line height required by the font*/
    .base_line = 7,             /*Baseline measured from the bottom of the line*/
#if !(LVGL_VERSION_MAJOR == 6 && LVGL_VERSION_MINOR == 0)
    .subpx = LV_FONT_SUBPX_NONE,
#endif
#if LV_VERSION_CHECK(7, 4, 0) || LVGL_VERSION_MAJOR >= 8
    .underline_position = -3,
    .underline_thickness = 1,
#endif
    .dsc = &font_dsc,          /*The custom font data. Will be accessed by `get_glyph_bitmap/dsc` */
#if LV_VERSION_CHECK(8, 2, 0) || LVGL_VERSION_MAJOR >= 9
    .fallback = NULL,
#endif
    .user_data = NULL,
};



#endif /*#if MOCHI_BOOM_28*/
